league,date,time,home_team,away_team,home_goals,away_goals,result,ps_home_odds,ps_draw_odds,ps_away_odds,max_home_odds,max_draw_odds,max_away_odds,avg_home_odds,avg_draw_odds,avg_away_odds,result_1x2,is_played,is_future,source_file,league_code,league_name_pl
D1,2024-08-23,19:30,M'gladbach,Leverkusen,2,3,A,4.94,4.38,1.67,5.6,4.62,1.67,5.09,4.46,1.6,2,True,False,GER_2425.csv,GER,Niemcy
D1,2024-08-24,14:30,Augsburg,Werder Bremen,2,2,D,2.57,3.61,2.77,2.57,3.69,3.16,2.46,3.54,2.82,X,True,False,GER_2425.csv,GER,Niemcy
D1,2024-08-24,14:30,Freiburg,Stuttgart,3,1,H,3.73,3.99,1.96,3.95,3.99,2.11,3.62,3.81,1.98,1,True,False,GER_2425.csv,GER,Niemcy
D1,2024-08-24,14:30,Hoffenheim,Holstein Kiel,3,2,H,1.61,4.68,5.05,1.7,4.82,5.1,1.62,4.54,4.87,1,True,False,GER_2425.csv,GER,Niemcy
D1,2024-08-24,14:30,Mainz,Union Berlin,1,1,D,2.1,3.39,3.9,2.15,3.5,3.99,2.08,3.34,3.8,X,True,False,GER_2425.csv,GER,Niemcy
D1,2024-08-24,14:30,RB Leipzig,Bochum,1,0,H,1.22,7.23,12.72,1.25,7.58,13.0,1.22,7.05,11.94,1,True,False,GER_2425.csv,GER,Niemcy
D1,2024-08-24,17:30,Dortmund,Ein Frankfurt,2,0,H,1.75,4.19,4.58,1.81,4.35,4.82,1.76,4.1,4.36,1,True,False,GER_2425.csv,GER,Niemcy
D1,2024-08-25,16:30,St Pauli,Heidenheim,0,2,A,2.02,3.49,4.06,2.05,3.62,4.06,2.0,3.51,3.8,2,True,False,GER_2425.csv,GER,Niemcy
D1,2024-08-25,14:30,Wolfsburg,Bayern Munich,2,3,A,6.5,4.57,1.52,7.0,4.92,1.54,6.36,4.67,1.49,2,True,False,GER_2425.csv,GER,Niemcy
D1,2024-08-30,19:30,Union Berlin,St Pauli,1,0,H,1.95,3.43,4.43,2.04,3.51,4.43,1.97,3.43,4.13,1,True,False,GER_2425.csv,GER,Niemcy
D1,2024-08-31,14:30,Holstein Kiel,Wolfsburg,0,2,A,3.06,3.68,2.33,3.07,3.77,2.38,2.97,3.64,2.32,2,True,False,GER_2425.csv,GER,Niemcy
D1,2024-08-31,17:30,Leverkusen,RB Leipzig,2,3,A,1.63,4.45,5.15,1.75,4.59,5.15,1.67,4.34,4.66,2,True,False,GER_2425.csv,GER,Niemcy
D1,2024-08-31,14:30,Werder Bremen,Dortmund,0,0,D,3.88,3.94,1.93,4.15,4.1,1.95,3.79,3.89,1.91,X,True,False,GER_2425.csv,GER,Niemcy
D1,2024-08-31,14:30,Stuttgart,Mainz,3,3,D,1.67,4.21,4.97,1.69,4.36,5.21,1.66,4.25,4.88,X,True,False,GER_2425.csv,GER,Niemcy
D1,2024-08-31,14:30,Bochum,M'gladbach,0,2,A,2.88,3.85,2.38,2.96,3.9,2.38,2.86,3.75,2.34,2,True,False,GER_2425.csv,GER,Niemcy
D1,2024-08-31,14:30,Ein Frankfurt,Hoffenheim,3,1,H,1.65,4.6,4.84,1.71,4.6,5.02,1.67,4.4,4.62,1,True,False,GER_2425.csv,GER,Niemcy
D1,2024-09-01,16:30,Bayern Munich,Freiburg,2,0,H,1.19,8.1,13.69,1.22,8.8,14.0,1.2,7.84,12.66,1,True,False,GER_2425.csv,GER,Niemcy
D1,2024-09-01,14:30,Heidenheim,Augsburg,4,0,H,2.42,3.49,3.05,2.5,3.65,3.05,2.42,3.47,2.92,1,True,False,GER_2425.csv,GER,Niemcy
D1,2024-09-13,19:30,Dortmund,Heidenheim,4,2,H,1.34,5.7,8.67,1.42,5.91,9.0,1.35,5.56,8.14,1,True,False,GER_2425.csv,GER,Niemcy
D1,2024-09-14,14:30,Wolfsburg,Ein Frankfurt,1,2,A,2.82,3.44,2.61,2.9,3.69,2.66,2.75,3.46,2.55,2,True,False,GER_2425.csv,GER,Niemcy
D1,2024-09-14,17:30,Holstein Kiel,Bayern Munich,1,6,A,13.19,7.77,1.2,15.0,8.2,1.22,12.51,7.61,1.2,2,True,False,GER_2425.csv,GER,Niemcy
D1,2024-09-14,14:30,RB Leipzig,Union Berlin,0,0,D,1.49,4.8,6.62,1.5,5.0,7.0,1.46,4.77,6.67,X,True,False,GER_2425.csv,GER,Niemcy
D1,2024-09-14,14:30,Freiburg,Bochum,2,1,H,1.58,4.41,5.8,1.61,4.41,5.9,1.58,4.29,5.58,1,True,False,GER_2425.csv,GER,Niemcy
D1,2024-09-14,14:30,Hoffenheim,Leverkusen,1,4,A,6.84,5.37,1.43,7.37,5.5,1.46,6.66,5.22,1.42,2,True,False,GER_2425.csv,GER,Niemcy
D1,2024-09-14,14:30,M'gladbach,Stuttgart,1,3,A,2.7,3.86,2.51,2.78,4.0,2.53,2.68,3.84,2.44,2,True,False,GER_2425.csv,GER,Niemcy
D1,2024-09-15,14:30,Augsburg,St Pauli,3,1,H,2.08,3.33,4.02,2.14,3.55,4.1,2.07,3.36,3.81,1,True,False,GER_2425.csv,GER,Niemcy
D1,2024-09-15,16:30,Mainz,Werder Bremen,1,2,A,2.2,3.62,3.37,2.26,3.7,3.5,2.17,3.58,3.31,2,True,False,GER_2425.csv,GER,Niemcy
D1,2024-09-20,19:30,Augsburg,Mainz,2,3,A,2.41,3.53,3.03,2.44,3.62,3.18,2.37,3.51,2.98,2,True,False,GER_2425.csv,GER,Niemcy
D1,2024-09-21,17:30,Ein Frankfurt,M'gladbach,2,0,H,1.77,4.29,4.3,1.8,4.45,4.43,1.76,4.23,4.22,1,True,False,GER_2425.csv,GER,Niemcy
D1,2024-09-21,14:30,Union Berlin,Hoffenheim,2,1,H,1.87,3.84,4.28,1.9,4.0,4.43,1.83,3.88,4.17,1,True,False,GER_2425.csv,GER,Niemcy
D1,2024-09-21,14:30,Werder Bremen,Bayern Munich,0,5,A,9.26,6.08,1.32,11.0,6.3,1.34,9.06,6.0,1.3,2,True,False,GER_2425.csv,GER,Niemcy
D1,2024-09-21,14:30,Bochum,Holstein Kiel,2,2,D,1.82,3.94,4.4,2.04,4.0,4.48,1.83,3.89,4.17,X,True,False,GER_2425.csv,GER,Niemcy
D1,2024-09-21,14:30,Heidenheim,Freiburg,0,3,A,3.37,3.48,2.25,3.43,3.6,2.48,3.23,3.48,2.25,2,True,False,GER_2425.csv,GER,Niemcy
D1,2024-09-22,18:30,St Pauli,RB Leipzig,0,0,D,5.25,4.22,1.66,5.88,4.3,1.7,5.12,4.1,1.65,X,True,False,GER_2425.csv,GER,Niemcy
D1,2024-09-22,16:30,Stuttgart,Dortmund,5,1,H,2.32,3.81,2.99,2.37,3.87,3.02,2.3,3.77,2.92,1,True,False,GER_2425.csv,GER,Niemcy
D1,2024-09-22,14:30,Leverkusen,Wolfsburg,4,3,H,1.27,6.45,10.37,1.31,6.9,12.0,1.27,6.27,10.09,1,True,False,GER_2425.csv,GER,Niemcy
D1,2024-09-27,19:30,Dortmund,Bochum,4,2,H,1.2,7.66,13.43,1.25,8.2,14.0,1.2,7.53,12.5,1,True,False,GER_2425.csv,GER,Niemcy
D1,2024-09-28,14:30,Wolfsburg,Stuttgart,2,2,D,3.66,3.82,2.03,3.72,3.91,2.1,3.48,3.76,2.04,X,True,False,GER_2425.csv,GER,Niemcy
D1,2024-09-28,17:30,Bayern Munich,Leverkusen,1,1,D,1.67,4.53,4.75,1.68,4.75,5.5,1.64,4.49,4.75,X,True,False,GER_2425.csv,GER,Niemcy
D1,2024-09-28,14:30,RB Leipzig,Augsburg,4,0,H,1.51,4.84,6.15,1.56,5.1,6.5,1.5,4.77,5.92,1,True,False,GER_2425.csv,GER,Niemcy
D1,2024-09-28,14:30,Freiburg,St Pauli,0,3,A,1.6,4.2,5.98,1.61,4.35,6.25,1.57,4.18,5.77,2,True,False,GER_2425.csv,GER,Niemcy
D1,2024-09-28,14:30,Mainz,Heidenheim,0,2,A,1.86,3.67,4.56,1.89,3.76,4.58,1.85,3.67,4.35,2,True,False,GER_2425.csv,GER,Niemcy
D1,2024-09-28,14:30,M'gladbach,Union Berlin,1,0,H,2.19,3.47,3.53,2.26,3.61,3.53,2.19,3.44,3.37,1,True,False,GER_2425.csv,GER,Niemcy
D1,2024-09-29,16:30,Hoffenheim,Werder Bremen,3,4,A,2.29,3.78,3.07,2.37,3.87,3.1,2.28,3.73,2.95,2,True,False,GER_2425.csv,GER,Niemcy
D1,2024-09-29,14:30,Holstein Kiel,Ein Frankfurt,2,4,A,3.77,3.88,2.0,4.0,3.98,2.04,3.66,3.86,1.96,2,True,False,GER_2425.csv,GER,Niemcy
D1,2024-10-04,19:30,Augsburg,M'gladbach,2,1,H,2.45,3.7,2.86,2.55,3.8,2.93,2.41,3.7,2.8,1,True,False,GER_2425.csv,GER,Niemcy
D1,2024-10-05,14:30,Bochum,Wolfsburg,1,3,A,3.13,3.71,2.28,3.21,3.8,2.3,3.04,3.69,2.23,2,True,False,GER_2425.csv,GER,Niemcy
D1,2024-10-05,14:30,Leverkusen,Holstein Kiel,2,2,D,1.09,11.97,31.01,1.11,14.0,34.0,1.09,12.08,26.95,X,True,False,GER_2425.csv,GER,Niemcy
D1,2024-10-05,14:30,Union Berlin,Dortmund,2,1,H,3.77,3.6,2.06,3.87,3.69,2.07,3.71,3.57,2.02,1,True,False,GER_2425.csv,GER,Niemcy
D1,2024-10-05,14:30,Werder Bremen,Freiburg,0,1,A,2.75,3.46,2.67,2.8,3.63,2.72,2.69,3.5,2.59,2,True,False,GER_2425.csv,GER,Niemcy
D1,2024-10-05,17:30,St Pauli,Mainz,0,3,A,2.17,3.38,3.68,2.26,3.6,3.68,2.18,3.42,3.44,2,True,False,GER_2425.csv,GER,Niemcy
D1,2024-10-06,18:30,Stuttgart,Hoffenheim,1,1,D,1.32,6.3,8.55,1.37,6.45,8.55,1.33,6.05,7.9,X,True,False,GER_2425.csv,GER,Niemcy
D1,2024-10-06,16:30,Ein Frankfurt,Bayern Munich,3,3,D,5.64,4.79,1.55,6.01,4.9,1.55,5.61,4.71,1.53,X,True,False,GER_2425.csv,GER,Niemcy
D1,2024-10-06,14:30,Heidenheim,RB Leipzig,0,1,A,5.18,4.04,1.69,5.32,4.2,1.77,4.78,4.05,1.7,2,True,False,GER_2425.csv,GER,Niemcy
D1,2024-10-18,19:30,Dortmund,St Pauli,2,1,H,1.3,5.85,10.67,1.32,6.2,11.7,1.3,5.76,10.31,1,True,False,GER_2425.csv,GER,Niemcy
D1,2024-10-19,17:30,Bayern Munich,Stuttgart,4,0,H,1.3,6.28,9.55,1.33,6.5,10.48,1.29,6.15,9.04,1,True,False,GER_2425.csv,GER,Niemcy
D1,2024-10-19,14:30,M'gladbach,Heidenheim,3,2,H,1.91,3.79,4.11,1.98,3.83,4.11,1.92,3.74,3.92,1,True,False,GER_2425.csv,GER,Niemcy
D1,2024-10-19,14:30,Mainz,RB Leipzig,0,2,A,4.09,3.96,1.88,4.22,4.03,1.92,3.97,3.9,1.88,2,True,False,GER_2425.csv,GER,Niemcy
D1,2024-10-19,14:30,Hoffenheim,Bochum,3,1,H,1.52,4.94,5.89,1.6,5.38,6.0,1.52,4.91,5.41,1,True,False,GER_2425.csv,GER,Niemcy
D1,2024-10-19,14:30,Freiburg,Augsburg,3,1,H,1.69,4.01,5.3,1.72,4.2,5.56,1.66,4.02,5.2,1,True,False,GER_2425.csv,GER,Niemcy
D1,2024-10-19,14:30,Leverkusen,Ein Frankfurt,2,1,H,1.47,4.95,6.59,1.53,5.0,6.59,1.48,4.81,6.23,1,True,False,GER_2425.csv,GER,Niemcy
D1,2024-10-20,16:30,Wolfsburg,Werder Bremen,2,4,A,2.02,3.79,3.67,2.05,3.85,3.75,2.01,3.74,3.59,2,True,False,GER_2425.csv,GER,Niemcy
D1,2024-10-20,14:30,Holstein Kiel,Union Berlin,0,2,A,3.83,3.51,2.07,3.95,3.6,2.1,3.71,3.47,2.05,2,True,False,GER_2425.csv,GER,Niemcy
D1,2024-10-25,19:30,Mainz,M'gladbach,1,1,D,2.32,3.76,3.02,2.38,3.92,3.23,2.26,3.74,2.98,X,True,False,GER_2425.csv,GER,Niemcy
D1,2024-10-26,17:30,Werder Bremen,Leverkusen,2,2,D,6.48,5.2,1.46,6.5,5.4,1.49,6.31,5.13,1.45,X,True,False,GER_2425.csv,GER,Niemcy
D1,2024-10-26,14:30,Stuttgart,Holstein Kiel,2,1,H,1.2,7.69,13.72,1.27,8.47,13.72,1.21,7.47,11.93,1,True,False,GER_2425.csv,GER,Niemcy
D1,2024-10-26,14:30,St Pauli,Wolfsburg,0,0,D,2.61,3.45,2.82,2.61,3.59,2.91,2.54,3.42,2.8,X,True,False,GER_2425.csv,GER,Niemcy
D1,2024-10-26,14:30,Augsburg,Dortmund,2,1,H,4.15,4.15,1.83,4.3,4.2,1.88,4.05,4.08,1.82,1,True,False,GER_2425.csv,GER,Niemcy
D1,2024-10-26,14:30,RB Leipzig,Freiburg,3,1,H,1.83,3.93,4.39,1.84,4.1,4.39,1.8,3.94,4.19,1,True,False,GER_2425.csv,GER,Niemcy
D1,2024-10-27,18:30,Heidenheim,Hoffenheim,0,0,D,2.88,3.38,2.6,2.9,3.62,2.82,2.7,3.47,2.61,X,True,False,GER_2425.csv,GER,Niemcy
D1,2024-10-27,14:30,Bochum,Bayern Munich,0,5,A,17.88,9.51,1.13,21.0,10.0,1.18,15.78,9.43,1.15,2,True,False,GER_2425.csv,GER,Niemcy
D1,2024-10-27,16:30,Union Berlin,Ein Frankfurt,1,1,D,2.55,3.22,3.08,2.58,3.4,3.12,2.49,3.27,2.98,X,True,False,GER_2425.csv,GER,Niemcy
D1,2024-11-01,19:30,Leverkusen,Stuttgart,0,0,D,1.63,4.55,5.05,1.64,4.8,5.5,1.6,4.59,4.95,X,True,False,GER_2425.csv,GER,Niemcy
D1,2024-11-02,14:30,Wolfsburg,Augsburg,1,1,D,2.1,3.59,3.67,2.15,3.81,3.74,2.08,3.59,3.52,X,True,False,GER_2425.csv,GER,Niemcy
D1,2024-11-02,17:30,Dortmund,RB Leipzig,2,1,H,2.19,3.84,3.21,2.26,3.99,3.27,2.18,3.82,3.1,1,True,False,GER_2425.csv,GER,Niemcy
D1,2024-11-02,14:30,Holstein Kiel,Heidenheim,1,0,H,2.5,3.39,3.0,2.55,3.6,3.0,2.49,3.44,2.85,1,True,False,GER_2425.csv,GER,Niemcy
D1,2024-11-02,14:30,Ein Frankfurt,Bochum,7,2,H,1.46,4.95,6.59,1.51,5.8,7.7,1.45,5.06,6.33,1,True,False,GER_2425.csv,GER,Niemcy
D1,2024-11-02,14:30,Hoffenheim,St Pauli,0,2,A,1.89,3.86,4.12,1.98,4.0,4.13,1.91,3.79,3.91,2,True,False,GER_2425.csv,GER,Niemcy
D1,2024-11-02,14:30,Bayern Munich,Union Berlin,3,0,H,1.15,8.88,19.22,1.18,9.59,21.59,1.15,8.62,17.76,1,True,False,GER_2425.csv,GER,Niemcy
D1,2024-11-03,14:30,Freiburg,Mainz,0,0,D,1.77,3.78,4.98,1.87,3.88,5.03,1.79,3.75,4.62,X,True,False,GER_2425.csv,GER,Niemcy
D1,2024-11-03,16:30,M'gladbach,Werder Bremen,4,1,H,2.34,3.73,3.01,2.35,3.83,3.15,2.26,3.74,3.02,1,True,False,GER_2425.csv,GER,Niemcy
D1,2024-11-08,19:30,Union Berlin,Freiburg,0,0,D,2.48,3.25,3.16,2.49,3.27,3.32,2.42,3.2,3.15,X,True,False,GER_2425.csv,GER,Niemcy
D1,2024-11-09,14:30,Bochum,Leverkusen,1,1,D,11.26,6.81,1.25,11.26,7.0,1.29,10.39,6.57,1.26,X,True,False,GER_2425.csv,GER,Niemcy
D1,2024-11-09,14:30,Werder Bremen,Holstein Kiel,2,1,H,1.61,4.35,5.53,1.66,4.49,5.53,1.62,4.31,5.19,1,True,False,GER_2425.csv,GER,Niemcy
D1,2024-11-09,14:30,Mainz,Dortmund,3,1,H,3.75,3.8,2.01,4.26,3.84,2.05,3.83,3.72,1.96,1,True,False,GER_2425.csv,GER,Niemcy
D1,2024-11-09,17:30,RB Leipzig,M'gladbach,0,0,D,1.66,4.4,4.94,1.68,4.5,5.3,1.63,4.36,4.87,X,True,False,GER_2425.csv,GER,Niemcy
D1,2024-11-09,14:30,St Pauli,Bayern Munich,0,1,A,16.12,7.69,1.19,17.0,7.9,1.23,14.67,7.32,1.2,2,True,False,GER_2425.csv,GER,Niemcy
D1,2024-11-10,14:30,Augsburg,Hoffenheim,0,0,D,2.18,3.41,3.63,2.2,3.65,3.74,2.11,3.48,3.53,X,True,False,GER_2425.csv,GER,Niemcy
D1,2024-11-10,16:30,Stuttgart,Ein Frankfurt,2,3,A,1.78,3.95,4.54,1.82,4.0,4.68,1.78,3.91,4.38,2,True,False,GER_2425.csv,GER,Niemcy
D1,2024-11-10,18:30,Heidenheim,Wolfsburg,1,3,A,2.95,3.29,2.6,3.01,3.31,2.65,2.91,3.25,2.55,2,True,False,GER_2425.csv,GER,Niemcy
D1,2024-11-22,19:30,Bayern Munich,Augsburg,3,0,H,1.11,11.5,23.0,1.14,12.0,23.0,1.12,10.36,19.07,1,True,False,GER_2425.csv,GER,Niemcy
D1,2024-11-23,14:30,Dortmund,Freiburg,4,0,H,1.82,3.87,4.52,1.88,4.05,5.02,1.82,3.78,4.34,1,True,False,GER_2425.csv,GER,Niemcy
D1,2024-11-23,14:30,Hoffenheim,RB Leipzig,4,3,H,3.21,3.75,2.22,3.55,3.81,2.23,3.27,3.65,2.15,1,True,False,GER_2425.csv,GER,Niemcy
D1,2024-11-23,14:30,Leverkusen,Heidenheim,5,2,H,1.21,7.42,13.66,1.24,7.8,15.0,1.21,6.93,13.24,1,True,False,GER_2425.csv,GER,Niemcy
D1,2024-11-23,14:30,Stuttgart,Bochum,2,0,H,1.34,6.01,8.33,1.35,6.5,10.0,1.31,5.98,8.57,1,True,False,GER_2425.csv,GER,Niemcy
D1,2024-11-23,14:30,Wolfsburg,Union Berlin,1,0,H,2.18,3.31,3.74,2.43,3.4,3.85,2.15,3.31,3.62,1,True,False,GER_2425.csv,GER,Niemcy
D1,2024-11-23,17:30,Ein Frankfurt,Werder Bremen,1,0,H,1.79,4.13,4.37,1.81,4.2,4.58,1.77,4.08,4.29,1,True,False,GER_2425.csv,GER,Niemcy
D1,2024-11-24,14:30,Holstein Kiel,Mainz,0,3,A,3.35,3.39,2.3,3.4,3.52,2.37,3.21,3.36,2.3,2,True,False,GER_2425.csv,GER,Niemcy
D1,2024-11-24,16:30,M'gladbach,St Pauli,2,0,H,1.92,3.75,4.14,2.0,3.87,4.56,1.9,3.71,4.07,1,True,False,GER_2425.csv,GER,Niemcy
D1,2024-11-29,19:30,St Pauli,Holstein Kiel,3,1,H,1.67,3.84,5.61,1.74,3.84,5.61,1.69,3.73,5.32,1,True,False,GER_2425.csv,GER,Niemcy
D1,2024-11-30,17:30,Dortmund,Bayern Munich,1,1,D,4.69,4.17,1.73,4.92,4.55,1.78,4.51,4.07,1.73,X,True,False,GER_2425.csv,GER,Niemcy
D1,2024-11-30,14:30,Werder Bremen,Stuttgart,2,2,D,2.57,3.56,2.8,2.87,3.66,2.8,2.59,3.52,2.67,X,True,False,GER_2425.csv,GER,Niemcy
D1,2024-11-30,14:30,Union Berlin,Leverkusen,1,2,A,4.88,3.47,1.9,5.6,3.63,1.95,4.63,3.49,1.85,2,True,False,GER_2425.csv,GER,Niemcy
D1,2024-11-30,14:30,RB Leipzig,Wolfsburg,1,5,A,1.79,3.89,4.64,1.8,4.1,5.0,1.74,3.93,4.64,2,True,False,GER_2425.csv,GER,Niemcy
D1,2024-11-30,14:30,Freiburg,M'gladbach,3,1,H,2.08,3.71,3.59,2.09,3.87,3.93,2.02,3.71,3.59,1,True,False,GER_2425.csv,GER,Niemcy
D1,2024-11-30,14:30,Augsburg,Bochum,1,0,H,1.82,3.8,4.61,1.85,3.94,4.97,1.78,3.81,4.51,1,True,False,GER_2425.csv,GER,Niemcy
D1,2024-12-01,14:30,Mainz,Hoffenheim,2,0,H,2.15,3.57,3.52,2.15,3.68,3.93,2.05,3.57,3.62,1,True,False,GER_2425.csv,GER,Niemcy
D1,2024-12-01,16:30,Heidenheim,Ein Frankfurt,0,4,A,4.09,3.54,1.99,4.37,3.81,2.0,3.86,3.65,1.94,2,True,False,GER_2425.csv,GER,Niemcy
D1,2024-12-06,19:30,Stuttgart,Union Berlin,3,2,H,1.93,3.51,4.42,1.98,3.6,4.6,1.9,3.49,4.32,1,True,False,GER_2425.csv,GER,Niemcy
D1,2024-12-07,14:30,Bayern Munich,Heidenheim,4,2,H,1.11,11.25,24.0,1.14,12.0,25.02,1.12,10.41,20.98,1,True,False,GER_2425.csv,GER,Niemcy
D1,2024-12-07,14:30,Bochum,Werder Bremen,0,1,A,3.62,3.8,2.05,3.75,3.85,2.2,3.55,3.71,2.03,2,True,False,GER_2425.csv,GER,Niemcy
D1,2024-12-07,14:30,Ein Frankfurt,Augsburg,2,2,D,1.54,4.4,6.39,1.62,4.5,6.5,1.55,4.31,6.06,X,True,False,GER_2425.csv,GER,Niemcy
D1,2024-12-07,14:30,Holstein Kiel,RB Leipzig,0,2,A,6.95,4.91,1.46,7.0,5.0,1.6,6.37,4.75,1.48,2,True,False,GER_2425.csv,GER,Niemcy
D1,2024-12-07,14:30,Leverkusen,St Pauli,2,1,H,1.28,6.06,11.8,1.31,6.5,11.8,1.28,5.88,10.57,1,True,False,GER_2425.csv,GER,Niemcy
D1,2024-12-07,17:30,M'gladbach,Dortmund,1,1,D,3.45,3.88,2.08,3.65,4.01,2.1,3.37,3.84,2.04,X,True,False,GER_2425.csv,GER,Niemcy
D1,2024-12-08,14:30,Wolfsburg,Mainz,4,3,H,2.13,3.45,3.72,2.23,3.56,3.9,2.12,3.4,3.6,1,True,False,GER_2425.csv,GER,Niemcy
D1,2024-12-08,16:30,Hoffenheim,Freiburg,1,1,D,2.51,3.3,3.07,2.7,3.4,3.09,2.5,3.28,2.94,X,True,False,GER_2425.csv,GER,Niemcy
D1,2024-12-13,19:30,Freiburg,Wolfsburg,3,2,H,2.32,3.46,3.25,2.38,3.55,3.3,2.28,3.42,3.14,1,True,False,GER_2425.csv,GER,Niemcy
D1,2024-12-14,14:30,Augsburg,Leverkusen,0,2,A,6.3,4.09,1.59,7.0,4.35,1.62,6.0,4.0,1.58,2,True,False,GER_2425.csv,GER,Niemcy
D1,2024-12-14,14:30,Mainz,Bayern Munich,2,1,H,6.26,4.59,1.53,7.0,5.0,1.57,6.15,4.43,1.51,1,True,False,GER_2425.csv,GER,Niemcy
D1,2024-12-14,14:30,Union Berlin,Bochum,0,2,A,1.67,3.93,5.68,1.69,4.09,6.25,1.64,3.92,5.43,2,True,False,GER_2425.csv,GER,Niemcy
D1,2024-12-14,17:30,St Pauli,Werder Bremen,0,2,A,3.0,3.19,2.63,3.0,3.4,2.68,2.85,3.28,2.55,2,True,False,GER_2425.csv,GER,Niemcy
D1,2024-12-14,14:30,M'gladbach,Holstein Kiel,4,1,H,1.43,5.29,7.5,1.48,5.3,7.5,1.42,4.99,6.87,1,True,False,GER_2425.csv,GER,Niemcy
D1,2024-12-15,14:30,Heidenheim,Stuttgart,1,3,A,4.72,4.07,1.75,4.73,4.2,1.91,4.45,3.99,1.74,2,True,False,GER_2425.csv,GER,Niemcy
D1,2024-12-15,16:30,Dortmund,Hoffenheim,1,1,D,1.36,5.51,8.55,1.43,5.8,9.0,1.36,5.42,8.0,X,True,False,GER_2425.csv,GER,Niemcy
D1,2024-12-15,18:30,RB Leipzig,Ein Frankfurt,2,1,H,2.3,3.76,3.06,2.38,3.97,3.31,2.26,3.74,2.97,1,True,False,GER_2425.csv,GER,Niemcy
D1,2024-12-20,19:30,Bayern Munich,RB Leipzig,5,1,H,1.22,7.36,12.59,1.26,7.7,13.0,1.21,7.21,11.88,1,True,False,GER_2425.csv,GER,Niemcy
D1,2024-12-21,14:30,Ein Frankfurt,Mainz,1,3,A,2.1,3.6,3.63,2.16,3.79,3.84,2.07,3.62,3.49,2,True,False,GER_2425.csv,GER,Niemcy
D1,2024-12-21,17:30,Leverkusen,Freiburg,5,1,H,1.39,5.32,8.17,1.46,5.34,8.24,1.39,4.95,7.74,1,True,False,GER_2425.csv,GER,Niemcy
D1,2024-12-21,14:30,Werder Bremen,Union Berlin,4,1,H,2.33,3.25,3.43,2.36,3.36,3.56,2.26,3.26,3.35,1,True,False,GER_2425.csv,GER,Niemcy
D1,2024-12-21,14:30,Holstein Kiel,Augsburg,5,1,H,3.59,3.36,2.21,3.6,3.58,2.29,3.43,3.4,2.16,1,True,False,GER_2425.csv,GER,Niemcy
D1,2024-12-21,14:30,Hoffenheim,M'gladbach,1,2,A,2.3,3.63,3.14,2.39,3.75,3.14,2.28,3.63,2.99,2,True,False,GER_2425.csv,GER,Niemcy
D1,2024-12-21,14:30,Stuttgart,St Pauli,0,1,A,1.46,4.77,7.33,1.51,4.85,7.33,1.47,4.61,6.54,2,True,False,GER_2425.csv,GER,Niemcy
D1,2024-12-22,16:30,Wolfsburg,Dortmund,1,3,A,3.35,3.76,2.15,3.37,3.87,2.2,3.18,3.72,2.15,2,True,False,GER_2425.csv,GER,Niemcy
D1,2024-12-22,14:30,Bochum,Heidenheim,2,0,H,2.11,3.47,3.74,2.19,3.67,3.74,2.1,3.49,3.5,1,True,False,GER_2425.csv,GER,Niemcy
D1,2025-01-10,19:30,Dortmund,Leverkusen,2,3,A,3.88,3.82,1.96,3.88,3.95,2.12,3.65,3.76,1.97,2,True,False,GER_2425.csv,GER,Niemcy
D1,2025-01-11,14:30,St Pauli,Ein Frankfurt,0,1,A,3.58,3.43,2.18,3.7,3.5,2.23,3.46,3.42,2.15,2,True,False,GER_2425.csv,GER,Niemcy
D1,2025-01-11,17:30,M'gladbach,Bayern Munich,0,1,A,8.68,5.86,1.34,8.79,6.04,1.36,8.08,5.65,1.34,2,True,False,GER_2425.csv,GER,Niemcy
D1,2025-01-11,14:30,Mainz,Bochum,2,0,H,1.68,3.97,5.47,1.7,4.1,5.5,1.66,3.95,5.18,1,True,False,GER_2425.csv,GER,Niemcy
D1,2025-01-11,14:30,Freiburg,Holstein Kiel,3,2,H,1.46,5.04,6.73,1.47,5.18,7.59,1.44,4.87,6.6,1,True,False,GER_2425.csv,GER,Niemcy
D1,2025-01-11,14:30,Heidenheim,Union Berlin,2,0,H,3.25,3.46,2.32,3.29,3.46,2.62,3.16,3.33,2.31,1,True,False,GER_2425.csv,GER,Niemcy
D1,2025-01-11,14:30,Hoffenheim,Wolfsburg,0,1,A,2.36,3.48,3.15,2.45,3.6,3.15,2.33,3.44,3.02,2,True,False,GER_2425.csv,GER,Niemcy
D1,2025-01-12,16:30,Augsburg,Stuttgart,0,1,A,4.15,3.69,1.93,4.15,3.78,2.06,3.95,3.65,1.92,2,True,False,GER_2425.csv,GER,Niemcy
D1,2025-01-12,14:30,RB Leipzig,Werder Bremen,4,2,H,1.91,3.85,4.06,1.98,4.04,4.15,1.88,3.84,3.88,1,True,False,GER_2425.csv,GER,Niemcy
D1,2025-01-14,19:30,Ein Frankfurt,Freiburg,4,1,H,1.7,4.13,5.03,1.79,4.42,5.03,1.7,4.15,4.59,1,True,False,GER_2425.csv,GER,Niemcy
D1,2025-01-14,19:30,Leverkusen,Mainz,1,0,H,1.37,5.25,8.81,1.39,5.34,9.5,1.36,5.13,8.66,1,True,False,GER_2425.csv,GER,Niemcy
D1,2025-01-14,17:30,Holstein Kiel,Dortmund,4,2,H,6.9,4.8,1.48,7.0,5.0,1.57,6.48,4.79,1.46,1,True,False,GER_2425.csv,GER,Niemcy
D1,2025-01-14,19:30,Wolfsburg,M'gladbach,5,1,H,1.9,3.81,4.14,1.93,3.89,4.2,1.9,3.75,3.93,1,True,False,GER_2425.csv,GER,Niemcy
D1,2025-01-15,19:30,Union Berlin,Augsburg,0,2,A,2.2,3.33,3.65,2.21,3.4,3.87,2.14,3.28,3.62,2,True,False,GER_2425.csv,GER,Niemcy
D1,2025-01-15,19:30,Stuttgart,RB Leipzig,2,1,H,2.01,3.88,3.64,2.05,4.0,3.76,1.99,3.8,3.52,1,True,False,GER_2425.csv,GER,Niemcy
D1,2025-01-15,19:30,Werder Bremen,Heidenheim,3,3,D,1.76,4.08,4.58,1.78,4.29,4.85,1.74,3.99,4.44,X,True,False,GER_2425.csv,GER,Niemcy
D1,2025-01-15,17:30,Bochum,St Pauli,1,0,H,2.56,3.26,3.03,2.63,3.31,3.03,2.56,3.21,2.89,1,True,False,GER_2425.csv,GER,Niemcy
D1,2025-01-15,19:30,Bayern Munich,Hoffenheim,5,0,H,1.1,11.74,25.84,1.13,12.0,25.84,1.11,10.48,20.64,1,True,False,GER_2425.csv,GER,Niemcy
D1,2025-01-17,19:30,Ein Frankfurt,Dortmund,2,0,H,2.89,3.58,2.49,2.99,3.85,2.61,2.76,3.53,2.49,1,True,False,GER_2425.csv,GER,Niemcy
D1,2025-01-18,17:30,Leverkusen,M'gladbach,3,1,H,1.26,6.52,11.25,1.29,6.59,11.6,1.26,6.25,10.59,1,True,False,GER_2425.csv,GER,Niemcy
D1,2025-01-18,14:30,Stuttgart,Freiburg,4,0,H,1.61,4.37,5.54,1.62,4.5,5.8,1.58,4.33,5.4,1,True,False,GER_2425.csv,GER,Niemcy
D1,2025-01-18,14:30,Holstein Kiel,Hoffenheim,1,3,A,2.99,3.53,2.44,2.99,3.6,2.5,2.87,3.45,2.44,2,True,False,GER_2425.csv,GER,Niemcy
D1,2025-01-18,14:30,Bochum,RB Leipzig,3,3,D,3.39,3.51,2.23,3.6,3.83,2.23,3.33,3.51,2.16,X,True,False,GER_2425.csv,GER,Niemcy
D1,2025-01-18,14:30,Bayern Munich,Wolfsburg,3,2,H,1.14,9.0,21.0,1.18,9.5,21.0,1.15,8.58,17.86,1,True,False,GER_2425.csv,GER,Niemcy
D1,2025-01-18,14:30,Heidenheim,St Pauli,0,2,A,2.41,3.46,3.09,2.49,3.5,3.1,2.39,3.4,2.99,2,True,False,GER_2425.csv,GER,Niemcy
D1,2025-01-19,14:30,Union Berlin,Mainz,2,1,H,2.86,3.15,2.78,2.88,3.34,2.98,2.78,3.17,2.68,1,True,False,GER_2425.csv,GER,Niemcy
D1,2025-01-19,16:30,Werder Bremen,Augsburg,0,2,A,1.91,3.73,4.2,1.98,3.88,4.25,1.92,3.72,3.91,2,True,False,GER_2425.csv,GER,Niemcy
D1,2025-01-24,19:30,Wolfsburg,Holstein Kiel,2,2,D,1.47,4.94,6.39,1.5,5.2,6.75,1.46,4.87,6.34,X,True,False,GER_2425.csv,GER,Niemcy
D1,2025-01-25,14:30,Freiburg,Bayern Munich,1,2,A,13.24,6.82,1.23,13.39,7.0,1.28,11.67,6.69,1.23,2,True,False,GER_2425.csv,GER,Niemcy
D1,2025-01-25,14:30,Augsburg,Heidenheim,2,1,H,2.01,3.56,3.98,2.02,3.72,4.22,1.97,3.53,3.89,1,True,False,GER_2425.csv,GER,Niemcy
D1,2025-01-25,14:30,Dortmund,Werder Bremen,2,2,D,1.52,4.8,6.0,1.58,4.92,6.34,1.5,4.71,5.86,X,True,False,GER_2425.csv,GER,Niemcy
D1,2025-01-25,14:30,Mainz,Stuttgart,2,0,H,3.38,3.46,2.26,3.54,3.57,2.47,3.24,3.45,2.23,1,True,False,GER_2425.csv,GER,Niemcy
D1,2025-01-25,14:30,RB Leipzig,Leverkusen,2,2,D,3.63,3.54,2.13,4.02,3.85,2.16,3.56,3.53,2.07,X,True,False,GER_2425.csv,GER,Niemcy
D1,2025-01-25,17:30,M'gladbach,Bochum,3,0,H,1.77,4.09,4.52,1.8,4.15,4.78,1.74,3.97,4.49,1,True,False,GER_2425.csv,GER,Niemcy
D1,2025-01-26,16:30,St Pauli,Union Berlin,3,0,H,2.39,3.2,3.37,2.49,3.26,3.4,2.38,3.15,3.24,1,True,False,GER_2425.csv,GER,Niemcy
D1,2025-01-26,14:30,Hoffenheim,Ein Frankfurt,2,2,D,3.43,3.88,2.09,3.43,3.9,2.14,3.28,3.79,2.08,X,True,False,GER_2425.csv,GER,Niemcy
D1,2025-01-31,19:30,Werder Bremen,Mainz,1,0,H,2.4,3.45,3.13,2.5,3.52,3.14,2.36,3.39,3.05,1,True,False,GER_2425.csv,GER,Niemcy
D1,2025-02-01,14:30,Stuttgart,M'gladbach,1,2,A,1.68,4.31,4.94,1.69,4.45,5.06,1.66,4.27,4.76,2,True,False,GER_2425.csv,GER,Niemcy
D1,2025-02-01,17:30,Union Berlin,RB Leipzig,0,0,D,2.96,3.47,2.49,3.25,3.59,2.48,3.05,3.43,2.34,X,True,False,GER_2425.csv,GER,Niemcy
D1,2025-02-01,14:30,St Pauli,Augsburg,1,1,D,2.15,3.32,3.83,2.21,3.38,3.86,2.13,3.26,3.7,X,True,False,GER_2425.csv,GER,Niemcy
D1,2025-02-01,14:30,Bayern Munich,Holstein Kiel,4,3,H,1.04,18.0,51.0,1.05,23.0,65.0,1.04,18.08,43.76,1,True,False,GER_2425.csv,GER,Niemcy
D1,2025-02-01,14:30,Bochum,Freiburg,0,1,A,2.74,3.35,2.74,2.94,3.39,2.74,2.78,3.3,2.59,2,True,False,GER_2425.csv,GER,Niemcy
D1,2025-02-01,14:30,Heidenheim,Dortmund,1,2,A,4.82,4.11,1.72,4.98,4.24,1.75,4.66,4.07,1.7,2,True,False,GER_2425.csv,GER,Niemcy
D1,2025-02-02,16:30,Leverkusen,Hoffenheim,3,1,H,1.14,9.66,18.88,1.19,10.1,19.21,1.14,9.33,16.32,1,True,False,GER_2425.csv,GER,Niemcy
D1,2025-02-02,14:30,Ein Frankfurt,Wolfsburg,1,1,D,2.11,3.58,3.63,2.16,3.75,3.87,2.06,3.58,3.55,X,True,False,GER_2425.csv,GER,Niemcy
D1,2025-02-07,19:30,Bayern Munich,Werder Bremen,3,0,H,1.1,12.94,20.92,1.12,14.0,23.0,1.1,11.95,20.3,1,True,False,GER_2425.csv,GER,Niemcy
D1,2025-02-08,14:30,Dortmund,Stuttgart,1,2,A,2.0,3.95,3.62,2.04,4.0,3.81,1.96,3.87,3.62,2,True,False,GER_2425.csv,GER,Niemcy
D1,2025-02-08,14:30,Freiburg,Heidenheim,1,0,H,1.71,3.81,5.41,1.75,3.99,5.41,1.7,3.81,5.11,1,True,False,GER_2425.csv,GER,Niemcy
D1,2025-02-08,14:30,Hoffenheim,Union Berlin,0,4,A,2.38,3.57,3.06,2.43,3.59,3.15,2.34,3.5,3.03,2,True,False,GER_2425.csv,GER,Niemcy
D1,2025-02-08,14:30,Mainz,Augsburg,0,0,D,1.83,3.6,4.87,1.87,3.7,5.09,1.81,3.56,4.74,X,True,False,GER_2425.csv,GER,Niemcy
D1,2025-02-08,14:30,Wolfsburg,Leverkusen,0,0,D,3.72,3.38,2.16,4.58,3.81,2.23,3.62,3.34,2.13,X,True,False,GER_2425.csv,GER,Niemcy
D1,2025-02-08,17:30,M'gladbach,Ein Frankfurt,1,1,D,2.59,3.73,2.68,2.73,3.75,2.71,2.58,3.6,2.63,X,True,False,GER_2425.csv,GER,Niemcy
D1,2025-02-09,14:30,Holstein Kiel,Bochum,2,2,D,2.4,3.49,3.09,2.42,3.67,3.31,2.3,3.54,3.06,X,True,False,GER_2425.csv,GER,Niemcy
D1,2025-02-09,16:30,RB Leipzig,St Pauli,2,0,H,1.66,4.11,5.36,1.71,4.4,5.5,1.67,4.0,5.11,1,True,False,GER_2425.csv,GER,Niemcy
D1,2025-02-14,19:30,Augsburg,RB Leipzig,0,0,D,3.09,3.4,2.44,3.26,3.45,2.45,3.06,3.34,2.39,X,True,False,GER_2425.csv,GER,Niemcy
D1,2025-02-15,17:30,Leverkusen,Bayern Munich,0,0,D,3.11,3.56,2.35,3.16,3.61,2.4,3.05,3.49,2.33,X,True,False,GER_2425.csv,GER,Niemcy
D1,2025-02-15,14:30,Union Berlin,M'gladbach,1,2,A,2.16,3.59,3.48,2.2,3.64,3.48,2.15,3.55,3.39,2,True,False,GER_2425.csv,GER,Niemcy
D1,2025-02-15,14:30,Bochum,Dortmund,2,0,H,5.77,4.48,1.57,5.84,4.6,1.62,5.51,4.45,1.57,1,True,False,GER_2425.csv,GER,Niemcy
D1,2025-02-15,14:30,St Pauli,Freiburg,0,1,A,2.59,3.1,3.14,2.59,3.21,3.35,2.5,3.11,3.12,2,True,False,GER_2425.csv,GER,Niemcy
D1,2025-02-15,14:30,Stuttgart,Wolfsburg,1,2,A,1.57,4.61,5.63,1.63,4.75,5.8,1.58,4.51,5.32,2,True,False,GER_2425.csv,GER,Niemcy
D1,2025-02-16,14:30,Werder Bremen,Hoffenheim,1,3,A,1.88,3.88,4.2,1.93,3.92,4.2,1.88,3.81,3.97,2,True,False,GER_2425.csv,GER,Niemcy
D1,2025-02-16,16:30,Ein Frankfurt,Holstein Kiel,3,1,H,1.34,5.71,8.82,1.37,6.2,9.5,1.34,5.66,8.46,1,True,False,GER_2425.csv,GER,Niemcy
D1,2025-02-16,18:30,Heidenheim,Mainz,0,2,A,3.8,3.44,2.1,3.86,3.57,2.15,3.72,3.43,2.07,2,True,False,GER_2425.csv,GER,Niemcy
D1,2025-02-21,19:30,Freiburg,Werder Bremen,5,0,H,2.02,3.49,4.03,2.05,3.6,4.2,1.99,3.49,3.93,1,True,False,GER_2425.csv,GER,Niemcy
D1,2025-02-22,14:30,M'gladbach,Augsburg,0,3,A,1.97,3.58,4.12,1.98,3.73,4.18,1.94,3.6,4.0,2,True,False,GER_2425.csv,GER,Niemcy
D1,2025-02-22,17:30,Dortmund,Union Berlin,6,0,H,1.52,4.59,6.34,1.52,5.0,7.1,1.49,4.58,6.39,1,True,False,GER_2425.csv,GER,Niemcy
D1,2025-02-22,14:30,Wolfsburg,Bochum,1,1,D,1.66,4.35,5.0,1.66,4.5,5.6,1.63,4.3,5.09,X,True,False,GER_2425.csv,GER,Niemcy
D1,2025-02-22,14:30,Mainz,St Pauli,2,0,H,1.74,3.7,5.36,1.82,3.7,5.55,1.76,3.61,5.08,1,True,False,GER_2425.csv,GER,Niemcy
D1,2025-02-22,14:30,Holstein Kiel,Leverkusen,0,2,A,15.26,7.32,1.2,17.0,7.4,1.23,14.5,6.98,1.2,2,True,False,GER_2425.csv,GER,Niemcy
D1,2025-02-23,16:30,Bayern Munich,Ein Frankfurt,4,0,H,1.26,6.85,10.75,1.29,7.39,11.25,1.25,6.63,10.11,1,True,False,GER_2425.csv,GER,Niemcy
D1,2025-02-23,18:30,Hoffenheim,Stuttgart,1,1,D,3.43,3.94,2.07,3.63,3.98,2.1,3.42,3.85,2.04,X,True,False,GER_2425.csv,GER,Niemcy
D1,2025-02-23,14:30,RB Leipzig,Heidenheim,2,2,D,1.31,5.91,10.15,1.34,6.0,10.15,1.31,5.65,9.48,X,True,False,GER_2425.csv,GER,Niemcy
D1,2025-02-28,19:30,Stuttgart,Bayern Munich,1,3,A,4.45,4.18,1.76,4.8,4.3,1.8,4.46,4.12,1.74,2,True,False,GER_2425.csv,GER,Niemcy
D1,2025-03-01,14:30,Werder Bremen,Wolfsburg,1,2,A,3.13,3.52,2.36,3.19,3.55,2.43,3.04,3.49,2.34,2,True,False,GER_2425.csv,GER,Niemcy
D1,2025-03-01,17:30,Ein Frankfurt,Leverkusen,1,4,A,4.16,3.93,1.87,4.5,4.02,1.89,4.18,3.89,1.83,2,True,False,GER_2425.csv,GER,Niemcy
D1,2025-03-01,14:30,St Pauli,Dortmund,0,2,A,4.39,3.71,1.88,4.67,3.79,1.95,4.35,3.64,1.86,2,True,False,GER_2425.csv,GER,Niemcy
D1,2025-03-01,14:30,Bochum,Hoffenheim,0,1,A,2.41,3.55,3.01,2.61,3.6,3.01,2.45,3.47,2.89,2,True,False,GER_2425.csv,GER,Niemcy
D1,2025-03-01,14:30,Heidenheim,M'gladbach,0,3,A,2.73,3.43,2.7,2.83,3.52,2.7,2.71,3.43,2.61,2,True,False,GER_2425.csv,GER,Niemcy
D1,2025-03-01,14:30,RB Leipzig,Mainz,1,2,A,1.93,3.76,4.07,2.01,3.85,4.07,1.93,3.72,3.89,2,True,False,GER_2425.csv,GER,Niemcy
D1,2025-03-02,14:30,Union Berlin,Holstein Kiel,0,1,A,1.57,4.36,6.0,1.61,4.45,6.2,1.57,4.25,5.83,2,True,False,GER_2425.csv,GER,Niemcy
D1,2025-03-02,16:30,Augsburg,Freiburg,0,0,D,2.54,3.11,3.21,2.61,3.26,3.21,2.52,3.11,3.08,X,True,False,GER_2425.csv,GER,Niemcy
D1,2025-03-07,19:30,M'gladbach,Mainz,1,3,A,2.73,3.5,2.67,2.82,3.5,2.71,2.71,3.42,2.62,2,True,False,GER_2425.csv,GER,Niemcy
D1,2025-03-08,17:30,Freiburg,RB Leipzig,0,0,D,2.56,3.37,2.94,2.65,3.4,2.94,2.56,3.31,2.84,X,True,False,GER_2425.csv,GER,Niemcy
D1,2025-03-08,14:30,Leverkusen,Werder Bremen,0,2,A,1.33,5.74,9.49,1.36,5.9,10.0,1.33,5.46,8.92,2,True,False,GER_2425.csv,GER,Niemcy
D1,2025-03-08,14:30,Wolfsburg,St Pauli,1,1,D,1.85,3.56,4.76,1.89,3.7,4.81,1.83,3.56,4.61,X,True,False,GER_2425.csv,GER,Niemcy
D1,2025-03-08,14:30,Dortmund,Augsburg,0,1,A,1.41,4.87,8.32,1.43,5.2,8.8,1.4,4.85,8.12,2,True,False,GER_2425.csv,GER,Niemcy
D1,2025-03-08,14:30,Bayern Munich,Bochum,2,3,A,1.17,8.25,17.0,1.2,9.0,17.0,1.17,8.18,14.6,2,True,False,GER_2425.csv,GER,Niemcy
D1,2025-03-08,14:30,Holstein Kiel,Stuttgart,2,2,D,6.23,4.82,1.51,6.23,4.9,1.53,5.94,4.74,1.5,X,True,False,GER_2425.csv,GER,Niemcy
D1,2025-03-09,14:30,Ein Frankfurt,Union Berlin,1,2,A,1.99,3.67,3.95,2.04,3.72,4.05,1.98,3.62,3.81,2,True,False,GER_2425.csv,GER,Niemcy
D1,2025-03-09,16:30,Hoffenheim,Heidenheim,1,1,D,1.93,3.85,3.96,1.98,3.98,4.2,1.89,3.78,3.99,X,True,False,GER_2425.csv,GER,Niemcy
D1,2025-03-14,19:30,St Pauli,Hoffenheim,1,0,H,2.35,3.22,3.44,2.38,3.4,3.45,2.31,3.24,3.31,1,True,False,GER_2425.csv,GER,Niemcy
D1,2025-03-15,14:30,Mainz,Freiburg,2,2,D,1.86,3.54,4.74,1.9,3.63,4.83,1.84,3.52,4.54,X,True,False,GER_2425.csv,GER,Niemcy
D1,2025-03-15,14:30,Augsburg,Wolfsburg,1,0,H,2.48,3.28,3.13,2.55,3.34,3.14,2.47,3.23,3.01,1,True,False,GER_2425.csv,GER,Niemcy
D1,2025-03-15,14:30,Union Berlin,Bayern Munich,1,1,D,9.31,5.42,1.34,10.0,5.7,1.36,9.24,5.43,1.33,X,True,False,GER_2425.csv,GER,Niemcy
D1,2025-03-15,14:30,Werder Bremen,M'gladbach,2,4,A,2.24,3.78,3.15,2.34,3.8,3.3,2.24,3.66,3.09,2,True,False,GER_2425.csv,GER,Niemcy
D1,2025-03-15,17:30,RB Leipzig,Dortmund,2,0,H,2.8,3.64,2.52,2.83,3.7,2.61,2.72,3.58,2.52,1,True,False,GER_2425.csv,GER,Niemcy
D1,2025-03-16,14:30,Bochum,Ein Frankfurt,1,3,A,2.73,3.54,2.64,2.84,3.7,2.64,2.71,3.53,2.54,2,True,False,GER_2425.csv,GER,Niemcy
D1,2025-03-16,16:30,Heidenheim,Holstein Kiel,3,1,H,2.05,3.63,3.77,2.1,3.64,3.95,2.04,3.54,3.66,1,True,False,GER_2425.csv,GER,Niemcy
D1,2025-03-16,18:30,Stuttgart,Leverkusen,3,4,A,3.34,3.45,2.28,3.54,3.53,2.35,3.28,3.4,2.25,2,True,False,GER_2425.csv,GER,Niemcy
D1,2025-03-28,19:30,Leverkusen,Bochum,3,1,H,1.23,7.02,12.77,1.25,7.02,13.0,1.22,6.72,12.4,1,True,False,GER_2425.csv,GER,Niemcy
D1,2025-03-29,17:30,Ein Frankfurt,Stuttgart,1,0,H,2.58,3.79,2.67,2.65,3.82,2.71,2.56,3.72,2.59,1,True,False,GER_2425.csv,GER,Niemcy
D1,2025-03-29,14:30,Wolfsburg,Heidenheim,0,1,A,1.72,4.05,4.98,1.8,4.05,5.06,1.7,3.92,4.88,2,True,False,GER_2425.csv,GER,Niemcy
D1,2025-03-29,14:30,M'gladbach,RB Leipzig,1,0,H,3.01,3.71,2.35,2.97,3.72,2.45,2.88,3.61,2.36,1,True,False,GER_2425.csv,GER,Niemcy
D1,2025-03-29,14:30,Hoffenheim,Augsburg,1,1,D,2.36,3.43,3.19,2.48,3.5,3.19,2.37,3.36,3.05,X,True,False,GER_2425.csv,GER,Niemcy
D1,2025-03-29,14:30,Bayern Munich,St Pauli,3,2,H,1.12,9.5,26.0,1.14,10.5,29.0,1.12,9.26,22.65,1,True,False,GER_2425.csv,GER,Niemcy
D1,2025-03-29,14:30,Holstein Kiel,Werder Bremen,0,3,A,3.18,3.74,2.24,3.28,3.77,2.26,3.11,3.72,2.19,2,True,False,GER_2425.csv,GER,Niemcy
D1,2025-03-30,14:30,Freiburg,Union Berlin,1,2,A,1.96,3.48,4.3,2.07,3.5,4.3,1.96,3.42,4.06,2,True,False,GER_2425.csv,GER,Niemcy
D1,2025-03-30,16:30,Dortmund,Mainz,3,1,H,1.67,4.24,5.02,1.71,4.3,5.2,1.66,4.12,4.92,1,True,False,GER_2425.csv,GER,Niemcy
D1,2025-04-04,19:30,Augsburg,Bayern Munich,1,3,A,7.76,5.12,1.41,8.3,5.2,1.44,7.75,4.86,1.4,2,True,False,GER_2425.csv,GER,Niemcy
D1,2025-04-05,17:30,Werder Bremen,Ein Frankfurt,2,0,H,2.34,3.71,3.03,2.43,3.74,3.1,2.33,3.63,2.91,1,True,False,GER_2425.csv,GER,Niemcy
D1,2025-04-05,14:30,Mainz,Holstein Kiel,1,1,D,1.44,5.07,7.16,1.45,5.07,8.03,1.42,4.81,7.16,X,True,False,GER_2425.csv,GER,Niemcy
D1,2025-04-05,14:30,Heidenheim,Leverkusen,0,1,A,6.09,4.55,1.52,6.5,4.61,1.53,6.15,4.42,1.51,2,True,False,GER_2425.csv,GER,Niemcy
D1,2025-04-05,14:30,Bochum,Stuttgart,0,4,A,2.53,3.46,2.91,2.82,3.9,2.91,2.54,3.53,2.69,2,True,False,GER_2425.csv,GER,Niemcy
D1,2025-04-05,14:30,Freiburg,Dortmund,1,4,A,3.42,3.68,2.15,3.55,3.75,2.2,3.35,3.6,2.12,2,True,False,GER_2425.csv,GER,Niemcy
D1,2025-04-05,14:30,RB Leipzig,Hoffenheim,3,1,H,1.72,4.29,4.65,1.72,4.5,5.1,1.67,4.24,4.72,1,True,False,GER_2425.csv,GER,Niemcy
D1,2025-04-06,14:30,St Pauli,M'gladbach,1,1,D,2.3,3.61,3.16,2.4,3.61,3.24,2.29,3.49,3.11,X,True,False,GER_2425.csv,GER,Niemcy
D1,2025-04-06,16:30,Union Berlin,Wolfsburg,1,0,H,2.31,3.4,3.33,2.38,3.45,3.41,2.3,3.36,3.2,1,True,False,GER_2425.csv,GER,Niemcy
D1,2025-04-11,19:30,Wolfsburg,RB Leipzig,2,3,A,2.75,3.75,2.51,2.86,3.76,2.51,2.75,3.68,2.41,2,True,False,GER_2425.csv,GER,Niemcy
D1,2025-04-12,14:30,Hoffenheim,Mainz,2,0,H,2.46,3.48,3.0,2.58,3.6,3.0,2.45,3.44,2.87,1,True,False,GER_2425.csv,GER,Niemcy
D1,2025-04-12,14:30,M'gladbach,Freiburg,1,2,A,2.29,3.8,3.06,2.35,3.8,3.18,2.26,3.67,3.0,2,True,False,GER_2425.csv,GER,Niemcy
D1,2025-04-12,14:30,Bochum,Augsburg,1,2,A,2.37,3.35,3.26,2.42,3.47,3.26,2.38,3.3,3.08,2,True,False,GER_2425.csv,GER,Niemcy
D1,2025-04-12,14:30,Holstein Kiel,St Pauli,1,2,A,3.59,3.5,2.16,3.66,3.6,2.23,3.44,3.42,2.14,2,True,False,GER_2425.csv,GER,Niemcy
D1,2025-04-12,14:30,Leverkusen,Union Berlin,0,0,D,1.38,5.12,8.87,1.41,5.3,9.0,1.36,5.0,8.34,X,True,False,GER_2425.csv,GER,Niemcy
D1,2025-04-12,17:30,Bayern Munich,Dortmund,2,2,D,1.44,5.35,6.6,1.47,5.5,6.6,1.45,5.22,6.02,X,True,False,GER_2425.csv,GER,Niemcy
D1,2025-04-13,14:30,Stuttgart,Werder Bremen,1,2,A,1.75,4.31,4.44,1.78,4.35,4.6,1.73,4.25,4.26,2,True,False,GER_2425.csv,GER,Niemcy
D1,2025-04-13,16:30,Ein Frankfurt,Heidenheim,3,0,H,1.76,4.06,4.62,1.78,4.3,4.62,1.74,4.04,4.39,1,True,False,GER_2425.csv,GER,Niemcy
D1,2025-04-19,14:30,Werder Bremen,Bochum,1,0,H,1.63,4.48,5.12,1.64,4.62,5.5,1.59,4.44,5.1,1,True,False,GER_2425.csv,GER,Niemcy
D1,2025-04-19,17:30,Union Berlin,Stuttgart,4,4,D,3.2,3.5,2.32,3.25,3.55,2.47,3.07,3.44,2.29,X,True,False,GER_2425.csv,GER,Niemcy
D1,2025-04-19,14:30,Freiburg,Hoffenheim,3,2,H,1.94,3.8,4.0,1.95,3.88,4.04,1.91,3.76,3.87,1,True,False,GER_2425.csv,GER,Niemcy
D1,2025-04-19,14:30,Heidenheim,Bayern Munich,0,4,A,9.59,6.57,1.27,11.0,6.75,1.3,9.71,6.36,1.27,2,True,False,GER_2425.csv,GER,Niemcy
D1,2025-04-19,14:30,Mainz,Wolfsburg,2,2,D,2.03,3.73,3.73,2.06,3.8,3.73,2.02,3.67,3.58,X,True,False,GER_2425.csv,GER,Niemcy
D1,2025-04-19,14:30,RB Leipzig,Holstein Kiel,1,1,D,1.48,5.21,6.11,1.48,5.3,6.92,1.45,4.99,6.23,X,True,False,GER_2425.csv,GER,Niemcy
D1,2025-04-20,14:30,Augsburg,Ein Frankfurt,0,0,D,2.62,3.46,2.8,2.72,3.5,2.8,2.58,3.39,2.73,X,True,False,GER_2425.csv,GER,Niemcy
D1,2025-04-20,16:30,Dortmund,M'gladbach,3,2,H,1.37,5.91,7.62,1.4,5.95,7.62,1.36,5.65,7.12,1,True,False,GER_2425.csv,GER,Niemcy
D1,2025-04-20,18:30,St Pauli,Leverkusen,1,1,D,5.08,3.93,1.72,5.2,4.0,1.73,4.96,3.88,1.7,X,True,False,GER_2425.csv,GER,Niemcy
D1,2025-04-25,19:30,Stuttgart,Heidenheim,0,1,A,1.51,4.86,6.06,1.54,5.1,6.65,1.46,4.88,6.19,2,True,False,GER_2425.csv,GER,Niemcy
D1,2025-04-26,17:30,Ein Frankfurt,RB Leipzig,4,0,H,2.06,3.91,3.48,2.07,4.05,3.48,2.02,3.94,3.35,1,True,False,GER_2425.csv,GER,Niemcy
D1,2025-04-26,14:30,Wolfsburg,Freiburg,0,1,A,2.37,3.69,2.98,2.44,3.7,2.98,2.36,3.63,2.86,2,True,False,GER_2425.csv,GER,Niemcy
D1,2025-04-26,14:30,Leverkusen,Augsburg,2,0,H,1.47,4.77,6.41,1.52,4.81,6.75,1.48,4.67,6.24,1,True,False,GER_2425.csv,GER,Niemcy
D1,2025-04-26,14:30,Holstein Kiel,M'gladbach,4,3,H,2.51,3.83,2.72,2.71,3.85,2.72,2.54,3.74,2.6,1,True,False,GER_2425.csv,GER,Niemcy
D1,2025-04-26,14:30,Hoffenheim,Dortmund,2,3,A,4.01,4.08,1.87,4.25,4.08,1.91,3.97,3.96,1.84,2,True,False,GER_2425.csv,GER,Niemcy
D1,2025-04-26,14:30,Bayern Munich,Mainz,3,0,H,1.24,7.26,11.09,1.27,7.5,12.0,1.23,7.02,10.41,1,True,False,GER_2425.csv,GER,Niemcy
D1,2025-04-27,14:30,Bochum,Union Berlin,1,1,D,2.4,3.46,3.11,2.45,3.46,3.15,2.37,3.37,3.04,X,True,False,GER_2425.csv,GER,Niemcy
D1,2025-04-27,16:30,Werder Bremen,St Pauli,0,0,D,2.03,3.6,3.87,2.13,3.68,4.05,1.99,3.56,3.75,X,True,False,GER_2425.csv,GER,Niemcy
D1,2025-05-02,19:30,Heidenheim,Bochum,0,0,D,2.41,3.39,3.15,2.44,3.48,3.15,2.36,3.38,3.02,X,True,False,GER_2425.csv,GER,Niemcy
D1,2025-05-03,14:30,RB Leipzig,Bayern Munich,3,3,D,4.19,4.77,1.72,4.2,4.77,1.78,4.12,4.52,1.71,X,True,False,GER_2425.csv,GER,Niemcy
D1,2025-05-03,14:30,M'gladbach,Hoffenheim,4,4,D,2.27,4.05,2.94,2.31,4.05,2.94,2.26,3.95,2.84,X,True,False,GER_2425.csv,GER,Niemcy
D1,2025-05-03,17:30,Dortmund,Wolfsburg,4,0,H,1.27,6.72,9.89,1.3,7.0,11.0,1.27,6.36,9.43,1,True,False,GER_2425.csv,GER,Niemcy
D1,2025-05-03,14:30,St Pauli,Stuttgart,0,1,A,2.86,3.53,2.53,2.88,3.53,2.61,2.79,3.46,2.5,2,True,False,GER_2425.csv,GER,Niemcy
D1,2025-05-03,14:30,Union Berlin,Werder Bremen,2,2,D,3.38,3.49,2.25,3.38,3.58,2.44,3.12,3.45,2.28,X,True,False,GER_2425.csv,GER,Niemcy
D1,2025-05-04,16:30,Freiburg,Leverkusen,2,2,D,3.23,3.62,2.27,3.26,3.65,2.31,3.14,3.55,2.23,X,True,False,GER_2425.csv,GER,Niemcy
D1,2025-05-04,18:30,Mainz,Ein Frankfurt,1,1,D,2.37,3.62,3.02,2.45,3.8,3.02,2.36,3.62,2.87,X,True,False,GER_2425.csv,GER,Niemcy
D1,2025-05-04,14:30,Augsburg,Holstein Kiel,1,3,A,1.79,4.1,4.4,1.81,4.1,4.4,1.78,3.97,4.23,2,True,False,GER_2425.csv,GER,Niemcy
D1,2025-05-09,19:30,Wolfsburg,Hoffenheim,2,2,D,2.98,3.62,2.4,2.98,3.73,2.54,2.77,3.61,2.46,X,True,False,GER_2425.csv,GER,Niemcy
D1,2025-05-10,17:30,Bayern Munich,M'gladbach,2,0,H,1.14,9.5,16.5,1.18,11.7,19.0,1.14,9.73,15.06,1,True,False,GER_2425.csv,GER,Niemcy
D1,2025-05-10,14:30,Werder Bremen,RB Leipzig,0,0,D,1.95,4.18,3.59,2.08,4.2,3.59,1.97,4.06,3.39,X,True,False,GER_2425.csv,GER,Niemcy
D1,2025-05-10,14:30,Union Berlin,Heidenheim,0,3,A,2.11,3.57,3.64,2.11,3.69,3.81,2.02,3.56,3.64,2,True,False,GER_2425.csv,GER,Niemcy
D1,2025-05-10,14:30,Holstein Kiel,Freiburg,1,2,A,3.59,3.85,2.04,3.59,3.85,2.1,3.43,3.73,2.04,2,True,False,GER_2425.csv,GER,Niemcy
D1,2025-05-10,14:30,Bochum,Mainz,1,4,A,3.16,3.9,2.2,3.22,4.0,2.25,3.07,3.83,2.16,2,True,False,GER_2425.csv,GER,Niemcy
D1,2025-05-11,14:30,Leverkusen,Dortmund,2,4,A,2.59,3.89,2.6,2.72,3.9,2.66,2.54,3.8,2.55,2,True,False,GER_2425.csv,GER,Niemcy
D1,2025-05-11,16:30,Ein Frankfurt,St Pauli,2,2,D,1.57,4.34,6.03,1.59,4.45,6.03,1.56,4.29,5.66,X,True,False,GER_2425.csv,GER,Niemcy
D1,2025-05-11,18:30,Stuttgart,Augsburg,4,0,H,1.53,4.78,5.84,1.62,4.78,5.84,1.53,4.61,5.52,1,True,False,GER_2425.csv,GER,Niemcy
D1,2025-05-17,14:30,St Pauli,Bochum,0,2,A,1.76,4.09,4.57,1.78,4.19,4.6,1.74,4.04,4.42,2,True,False,GER_2425.csv,GER,Niemcy
D1,2025-05-17,14:30,Heidenheim,Werder Bremen,1,4,A,2.74,3.77,2.52,2.74,4.0,2.58,2.61,3.8,2.48,2,True,False,GER_2425.csv,GER,Niemcy
D1,2025-05-17,14:30,Augsburg,Union Berlin,1,2,A,1.9,3.69,4.29,1.98,3.92,4.45,1.88,3.68,4.07,2,True,False,GER_2425.csv,GER,Niemcy
D1,2025-05-17,14:30,Dortmund,Holstein Kiel,3,0,H,1.13,10.5,18.0,1.16,10.5,21.0,1.13,9.8,16.55,1,True,False,GER_2425.csv,GER,Niemcy
D1,2025-05-17,14:30,RB Leipzig,Stuttgart,2,3,A,1.91,4.4,3.6,1.97,4.7,3.6,1.91,4.34,3.39,2,True,False,GER_2425.csv,GER,Niemcy
D1,2025-05-17,14:30,Hoffenheim,Bayern Munich,0,4,A,4.5,4.61,1.67,4.83,4.75,1.68,4.48,4.56,1.65,2,True,False,GER_2425.csv,GER,Niemcy
D1,2025-05-17,14:30,M'gladbach,Wolfsburg,0,1,A,2.29,4.1,2.84,2.36,4.21,2.84,2.28,4.06,2.74,2,True,False,GER_2425.csv,GER,Niemcy
D1,2025-05-17,14:30,Mainz,Leverkusen,2,2,D,2.55,3.72,2.73,2.57,3.99,2.97,2.44,3.78,2.68,X,True,False,GER_2425.csv,GER,Niemcy
D1,2025-05-17,14:30,Freiburg,Ein Frankfurt,1,3,A,2.38,3.68,2.98,2.4,3.69,2.98,2.34,3.6,2.9,2,True,False,GER_2425.csv,GER,Niemcy
D1,2025-08-22,19:30,Bayern Munich,RB Leipzig,6,0,H,1.25,7.24,10.31,1.26,7.5,11.0,1.23,6.98,9.87,1,True,False,GER_2526.csv,GER,Niemcy
D1,2025-08-23,14:30,Union Berlin,Stuttgart,2,1,H,4.23,3.87,1.87,4.1,3.9,1.92,3.91,3.78,1.85,1,True,False,GER_2526.csv,GER,Niemcy
D1,2025-08-23,17:30,St Pauli,Dortmund,3,3,D,4.13,3.64,1.95,4.2,3.75,1.95,4.04,3.65,1.86,X,True,False,GER_2526.csv,GER,Niemcy
D1,2025-08-23,14:30,Leverkusen,Hoffenheim,1,2,A,1.76,4.25,4.41,1.75,4.7,4.4,1.71,4.15,4.24,2,True,False,GER_2526.csv,GER,Niemcy
D1,2025-08-23,14:30,Ein Frankfurt,Werder Bremen,4,1,H,1.62,4.52,5.21,1.57,4.75,5.5,1.53,4.55,5.28,1,True,False,GER_2526.csv,GER,Niemcy
D1,2025-08-23,14:30,Freiburg,Augsburg,1,3,A,1.96,3.63,4.11,2.0,3.6,4.0,1.93,3.5,3.88,2,True,False,GER_2526.csv,GER,Niemcy
D1,2025-08-23,14:30,Heidenheim,Wolfsburg,1,3,A,2.84,3.47,2.58,2.8,3.5,2.56,2.74,3.38,2.5,2,True,False,GER_2526.csv,GER,Niemcy
D1,2025-08-24,14:30,Mainz,FC Koln,0,1,A,1.93,3.73,4.12,2.0,3.75,3.85,1.95,3.6,3.7,2,True,False,GER_2526.csv,GER,Niemcy
D1,2025-08-24,16:30,M'gladbach,Hamburg,0,0,D,1.88,4.02,4.03,2.0,4.0,3.85,1.89,3.87,3.65,X,True,False,GER_2526.csv,GER,Niemcy
D1,2025-08-29,19:30,Hamburg,St Pauli,0,2,A,2.49,3.18,3.2,2.47,3.3,3.1,2.42,3.22,2.97,2,True,False,GER_2526.csv,GER,Niemcy
D1,2025-08-30,14:30,RB Leipzig,Heidenheim,2,0,H,1.48,4.96,6.28,1.5,5.0,6.0,1.47,4.88,5.82,1,True,False,GER_2526.csv,GER,Niemcy
D1,2025-08-30,17:30,Augsburg,Bayern Munich,2,3,A,9.65,6.2,1.29,10.0,6.0,1.32,9.33,5.93,1.28,2,True,False,GER_2526.csv,GER,Niemcy
D1,2025-08-30,14:30,Hoffenheim,Ein Frankfurt,1,3,A,2.74,3.81,2.47,2.7,3.9,2.5,2.64,3.79,2.4,2,True,False,GER_2526.csv,GER,Niemcy
D1,2025-08-30,14:30,Werder Bremen,Leverkusen,3,3,D,3.59,3.89,2.0,3.75,4.0,1.95,3.54,3.9,1.92,X,True,False,GER_2526.csv,GER,Niemcy
D1,2025-08-30,14:30,Stuttgart,M'gladbach,1,0,H,1.58,4.81,5.08,1.59,4.8,5.0,1.57,4.59,4.9,1,True,False,GER_2526.csv,GER,Niemcy
D1,2025-08-31,14:30,Wolfsburg,Mainz,1,1,D,2.13,3.65,3.51,2.2,3.6,3.3,2.14,3.53,3.23,X,True,False,GER_2526.csv,GER,Niemcy
D1,2025-08-31,16:30,Dortmund,Union Berlin,3,0,H,1.41,5.29,7.35,1.46,5.1,8.0,1.41,4.84,6.88,1,True,False,GER_2526.csv,GER,Niemcy
D1,2025-08-31,18:30,FC Koln,Freiburg,4,1,H,2.6,3.42,2.86,2.62,3.4,2.8,2.53,3.31,2.72,1,True,False,GER_2526.csv,GER,Niemcy
D1,2025-09-12,19:30,Leverkusen,Ein Frankfurt,3,1,H,2.19,3.8,3.24,2.16,3.85,3.2,2.12,3.72,3.13,1,True,False,GER_2526.csv,GER,Niemcy
D1,2025-09-13,14:30,Heidenheim,Dortmund,0,2,A,5.34,4.54,1.6,5.33,4.5,1.62,4.98,4.44,1.58,2,True,False,GER_2526.csv,GER,Niemcy
D1,2025-09-13,14:30,Freiburg,Stuttgart,3,1,H,2.66,3.5,2.73,3.0,3.65,2.65,2.62,3.54,2.53,1,True,False,GER_2526.csv,GER,Niemcy
D1,2025-09-13,14:30,Mainz,RB Leipzig,0,1,A,2.41,3.79,2.87,2.38,3.8,2.88,2.32,3.69,2.8,2,True,False,GER_2526.csv,GER,Niemcy
D1,2025-09-13,14:30,Wolfsburg,FC Koln,3,3,D,1.97,3.71,3.97,1.95,3.8,4.0,1.92,3.65,3.76,X,True,False,GER_2526.csv,GER,Niemcy
D1,2025-09-13,17:30,Bayern Munich,Hamburg,5,0,H,1.08,16.5,21.0,1.08,14.0,29.0,1.07,12.59,25.03,1,True,False,GER_2526.csv,GER,Niemcy
D1,2025-09-13,14:30,Union Berlin,Hoffenheim,2,4,A,2.94,3.42,2.53,2.88,3.6,2.55,2.74,3.4,2.49,2,True,False,GER_2526.csv,GER,Niemcy
D1,2025-09-14,14:30,St Pauli,Augsburg,2,1,H,2.23,3.32,3.6,2.18,3.5,3.55,2.11,3.37,3.43,1,True,False,GER_2526.csv,GER,Niemcy
D1,2025-09-14,16:30,M'gladbach,Werder Bremen,0,4,A,2.05,4.08,3.38,2.15,4.0,3.2,2.09,3.89,3.09,2,True,False,GER_2526.csv,GER,Niemcy
D1,2025-09-19,19:30,Stuttgart,St Pauli,2,0,H,1.8,4.09,4.37,1.87,4.0,4.0,1.82,3.88,3.89,1,True,False,GER_2526.csv,GER,Niemcy
D1,2025-09-20,17:30,RB Leipzig,FC Koln,3,1,H,1.95,3.9,3.84,1.91,4.2,3.8,1.86,4.01,3.64,1,True,False,GER_2526.csv,GER,Niemcy
D1,2025-09-20,14:30,Werder Bremen,Freiburg,0,3,A,2.51,3.68,2.79,2.45,3.7,2.9,2.37,3.55,2.79,2,True,False,GER_2526.csv,GER,Niemcy
D1,2025-09-20,14:30,Augsburg,Mainz,1,4,A,2.75,3.42,2.69,2.65,3.6,2.66,2.61,3.47,2.58,2,True,False,GER_2526.csv,GER,Niemcy
D1,2025-09-20,14:30,Hamburg,Heidenheim,2,1,H,1.88,3.89,4.18,1.81,4.0,4.5,1.77,3.87,4.2,1,True,False,GER_2526.csv,GER,Niemcy
D1,2025-09-20,14:30,Hoffenheim,Bayern Munich,1,4,A,8.29,6.37,1.31,7.5,5.6,1.4,6.98,5.37,1.37,2,True,False,GER_2526.csv,GER,Niemcy
D1,2025-09-21,16:30,Leverkusen,M'gladbach,1,1,D,1.56,4.48,5.96,1.54,4.6,6.25,1.51,4.45,5.74,X,True,False,GER_2526.csv,GER,Niemcy
D1,2025-09-21,14:30,Ein Frankfurt,Union Berlin,3,4,A,1.65,4.38,5.03,1.66,4.25,5.1,1.62,4.17,4.92,2,True,False,GER_2526.csv,GER,Niemcy
D1,2025-09-21,18:30,Dortmund,Wolfsburg,1,0,H,1.59,4.66,5.27,1.55,4.75,5.5,1.52,4.57,5.36,1,True,False,GER_2526.csv,GER,Niemcy
D1,2025-09-26,19:30,Bayern Munich,Werder Bremen,4,0,H,1.1,12.0,26.0,1.12,11.5,21.0,1.1,10.52,18.3,1,True,False,GER_2526.csv,GER,Niemcy
D1,2025-09-27,14:30,Heidenheim,Augsburg,2,1,H,2.85,3.56,2.53,2.9,3.5,2.45,2.82,3.46,2.39,1,True,False,GER_2526.csv,GER,Niemcy
D1,2025-09-27,14:30,Mainz,Dortmund,0,2,A,3.53,3.83,2.06,3.55,3.95,2.08,3.39,3.76,2.0,2,True,False,GER_2526.csv,GER,Niemcy
D1,2025-09-27,14:30,St Pauli,Leverkusen,1,2,A,3.37,3.54,2.23,3.1,3.5,2.38,2.97,3.42,2.32,2,True,False,GER_2526.csv,GER,Niemcy
D1,2025-09-27,14:30,Wolfsburg,RB Leipzig,0,1,A,2.63,3.73,2.63,2.63,3.8,2.54,2.59,3.65,2.48,2,True,False,GER_2526.csv,GER,Niemcy
D1,2025-09-27,17:30,M'gladbach,Ein Frankfurt,4,6,A,3.08,3.72,2.3,3.0,3.75,2.33,2.9,3.63,2.26,2,True,False,GER_2526.csv,GER,Niemcy
D1,2025-09-28,18:30,Union Berlin,Hamburg,0,0,D,2.01,3.61,3.95,2.0,3.65,3.8,1.97,3.57,3.65,X,True,False,GER_2526.csv,GER,Niemcy
D1,2025-09-28,16:30,FC Koln,Stuttgart,1,2,A,2.61,3.72,2.66,2.6,3.7,2.63,2.53,3.62,2.55,2,True,False,GER_2526.csv,GER,Niemcy
D1,2025-09-28,14:30,Freiburg,Hoffenheim,1,1,D,2.36,3.55,3.1,2.33,3.5,3.2,2.29,3.35,3.08,X,True,False,GER_2526.csv,GER,Niemcy
D1,2025-10-03,19:30,Hoffenheim,FC Koln,0,1,A,1.92,3.95,3.92,2.0,3.85,3.7,1.94,3.76,3.56,2,True,False,GER_2526.csv,GER,Niemcy
D1,2025-10-04,14:30,Augsburg,Wolfsburg,3,1,H,2.64,3.58,2.71,2.6,3.65,2.8,2.5,3.51,2.67,1,True,False,GER_2526.csv,GER,Niemcy
D1,2025-10-04,14:30,Dortmund,RB Leipzig,1,1,D,1.71,4.63,4.29,1.7,4.75,4.33,1.67,4.5,4.12,X,True,False,GER_2526.csv,GER,Niemcy
D1,2025-10-04,14:30,Leverkusen,Union Berlin,2,0,H,1.7,4.09,4.94,1.73,4.0,5.0,1.7,3.89,4.69,1,True,False,GER_2526.csv,GER,Niemcy
D1,2025-10-04,14:30,Werder Bremen,St Pauli,1,0,H,2.37,3.61,3.04,2.4,3.7,3.0,2.31,3.51,2.9,1,True,False,GER_2526.csv,GER,Niemcy
D1,2025-10-04,17:30,Ein Frankfurt,Bayern Munich,0,3,A,7.49,5.65,1.38,7.5,5.8,1.4,6.7,5.66,1.36,2,True,False,GER_2526.csv,GER,Niemcy
D1,2025-10-05,16:30,Hamburg,Mainz,4,0,H,3.21,3.77,2.21,3.2,3.8,2.2,3.08,3.67,2.14,1,True,False,GER_2526.csv,GER,Niemcy
D1,2025-10-05,18:30,M'gladbach,Freiburg,0,0,D,2.66,3.4,2.8,2.75,3.6,2.75,2.59,3.36,2.66,X,True,False,GER_2526.csv,GER,Niemcy
D1,2025-10-05,14:30,Stuttgart,Heidenheim,1,0,H,1.41,5.33,7.49,1.44,5.25,7.5,1.39,5.06,6.99,1,True,False,GER_2526.csv,GER,Niemcy
D1,2025-10-17,19:30,Union Berlin,M'gladbach,3,1,H,2.25,3.46,3.39,2.3,3.45,3.4,2.24,3.33,3.18,1,True,False,GER_2526.csv,GER,Niemcy
D1,2025-10-18,17:30,Bayern Munich,Dortmund,2,1,H,1.36,5.75,8.25,1.38,6.0,8.5,1.35,5.52,7.41,1,True,False,GER_2526.csv,GER,Niemcy
D1,2025-10-18,14:30,RB Leipzig,Hamburg,2,1,H,1.47,5.28,6.25,1.48,5.1,6.0,1.45,4.96,5.85,1,True,False,GER_2526.csv,GER,Niemcy
D1,2025-10-18,14:30,Wolfsburg,Stuttgart,0,3,A,2.89,3.75,2.41,2.9,3.7,2.42,2.83,3.52,2.35,2,True,False,GER_2526.csv,GER,Niemcy
D1,2025-10-18,14:30,Heidenheim,Werder Bremen,2,2,D,3.08,3.6,2.35,2.8,3.6,2.6,2.67,3.46,2.51,X,True,False,GER_2526.csv,GER,Niemcy
D1,2025-10-18,14:30,FC Koln,Augsburg,1,1,D,1.92,3.9,3.98,2.05,3.95,3.65,1.98,3.78,3.43,X,True,False,GER_2526.csv,GER,Niemcy
D1,2025-10-18,14:30,Mainz,Leverkusen,3,4,A,2.69,3.59,2.65,2.55,3.6,2.8,2.49,3.45,2.66,2,True,False,GER_2526.csv,GER,Niemcy
D1,2025-10-19,14:30,Freiburg,Ein Frankfurt,2,2,D,2.56,3.64,2.76,2.55,3.7,2.88,2.46,3.54,2.69,X,True,False,GER_2526.csv,GER,Niemcy
D1,2025-10-19,16:30,St Pauli,Hoffenheim,0,3,A,2.57,3.49,2.84,2.8,3.5,2.65,2.65,3.4,2.57,2,True,False,GER_2526.csv,GER,Niemcy
D1,2025-10-24,19:30,Werder Bremen,Union Berlin,1,0,H,2.36,3.59,3.08,2.38,3.6,3.1,2.29,3.46,2.99,1,True,False,GER_2526.csv,GER,Niemcy
D1,2025-10-25,14:30,Hoffenheim,Heidenheim,3,1,H,1.6,4.5,5.32,1.6,4.5,5.33,1.57,4.37,5.13,1,True,False,GER_2526.csv,GER,Niemcy
D1,2025-10-25,14:30,Hamburg,Wolfsburg,0,1,A,2.21,3.76,3.24,2.2,3.75,3.15,2.16,3.66,3.08,2,True,False,GER_2526.csv,GER,Niemcy
D1,2025-10-25,14:30,M'gladbach,Bayern Munich,0,3,A,10.65,7.0,1.24,11.0,7.0,1.29,9.37,6.73,1.24,2,True,False,GER_2526.csv,GER,Niemcy
D1,2025-10-25,14:30,Augsburg,RB Leipzig,0,6,A,3.41,3.81,2.12,3.3,3.95,2.1,3.23,3.8,2.04,2,True,False,GER_2526.csv,GER,Niemcy
D1,2025-10-25,14:30,Ein Frankfurt,St Pauli,2,0,H,1.65,4.43,4.92,1.67,4.5,4.75,1.64,4.26,4.59,1,True,False,GER_2526.csv,GER,Niemcy
D1,2025-10-25,17:30,Dortmund,FC Koln,1,0,H,1.39,5.38,7.8,1.41,5.3,8.0,1.37,5.12,7.38,1,True,False,GER_2526.csv,GER,Niemcy
D1,2025-10-26,16:30,Stuttgart,Mainz,2,1,H,2.16,3.63,3.44,2.16,3.8,3.5,2.06,3.61,3.33,1,True,False,GER_2526.csv,GER,Niemcy
D1,2025-10-26,14:30,Leverkusen,Freiburg,2,0,H,2.02,3.59,3.91,2.0,3.8,3.9,1.96,3.6,3.68,1,True,False,GER_2526.csv,GER,Niemcy
D1,2025-10-31,19:30,Augsburg,Dortmund,0,1,A,5.34,4.42,1.6,5.6,4.5,1.6,5.37,4.35,1.55,2,True,False,GER_2526.csv,GER,Niemcy
D1,2025-11-01,14:30,Heidenheim,Ein Frankfurt,1,1,D,3.88,4.14,1.88,4.2,4.2,1.8,4.0,4.03,1.77,X,True,False,GER_2526.csv,GER,Niemcy
D1,2025-11-01,14:30,RB Leipzig,Stuttgart,3,1,H,2.04,3.89,3.55,2.2,4.0,3.25,2.09,3.76,3.17,1,True,False,GER_2526.csv,GER,Niemcy
D1,2025-11-01,14:30,St Pauli,M'gladbach,0,4,A,2.35,3.49,3.17,2.38,3.5,3.2,2.31,3.39,3.01,2,True,False,GER_2526.csv,GER,Niemcy
D1,2025-11-01,14:30,Union Berlin,Freiburg,0,0,D,2.72,3.21,2.87,2.7,3.2,2.83,2.62,3.14,2.78,X,True,False,GER_2526.csv,GER,Niemcy
D1,2025-11-01,17:30,Bayern Munich,Leverkusen,3,0,H,1.21,7.57,12.27,1.29,6.75,10.0,1.26,6.2,9.42,1,True,False,GER_2526.csv,GER,Niemcy
D1,2025-11-01,14:30,Mainz,Werder Bremen,1,1,D,1.83,4.02,4.27,1.93,3.95,4.0,1.86,3.81,3.8,X,True,False,GER_2526.csv,GER,Niemcy
D1,2025-11-02,16:30,Wolfsburg,Hoffenheim,2,3,A,2.79,3.77,2.47,2.8,3.85,2.45,2.7,3.7,2.37,2,True,False,GER_2526.csv,GER,Niemcy
D1,2025-11-02,14:30,FC Koln,Hamburg,4,1,H,2.49,3.64,2.84,2.45,3.7,2.8,2.43,3.54,2.74,1,True,False,GER_2526.csv,GER,Niemcy
D1,2025-11-07,19:30,Werder Bremen,Wolfsburg,2,1,H,2.2,3.76,3.26,2.16,3.75,3.2,2.14,3.64,3.14,1,True,False,GER_2526.csv,GER,Niemcy
D1,2025-11-08,14:30,Hamburg,Dortmund,1,1,D,4.1,3.9,1.89,3.9,4.0,1.93,3.79,3.84,1.86,X,True,False,GER_2526.csv,GER,Niemcy
D1,2025-11-08,14:30,Hoffenheim,RB Leipzig,3,1,H,2.79,3.95,2.4,2.75,3.9,2.4,2.7,3.76,2.36,1,True,False,GER_2526.csv,GER,Niemcy
D1,2025-11-08,14:30,Leverkusen,Heidenheim,6,0,H,1.4,5.23,7.71,1.44,5.33,8.1,1.39,4.96,7.35,1,True,False,GER_2526.csv,GER,Niemcy
D1,2025-11-08,17:30,M'gladbach,FC Koln,3,1,H,2.07,3.77,3.57,2.1,3.8,3.6,2.03,3.67,3.36,1,True,False,GER_2526.csv,GER,Niemcy
D1,2025-11-08,14:30,Union Berlin,Bayern Munich,2,2,D,13.0,7.05,1.22,13.0,7.0,1.22,11.72,6.69,1.21,X,True,False,GER_2526.csv,GER,Niemcy
D1,2025-11-09,14:30,Freiburg,St Pauli,2,1,H,1.78,3.62,5.17,1.8,3.6,4.75,1.77,3.57,4.61,1,True,False,GER_2526.csv,GER,Niemcy
D1,2025-11-09,16:30,Stuttgart,Augsburg,3,2,H,1.53,4.63,6.08,1.55,4.8,6.0,1.51,4.52,5.58,1,True,False,GER_2526.csv,GER,Niemcy
D1,2025-11-09,18:30,Ein Frankfurt,Mainz,1,0,H,1.88,3.94,4.1,1.92,4.0,4.0,1.84,3.9,3.84,1,True,False,GER_2526.csv,GER,Niemcy
D1,2025-11-21,19:30,Mainz,Hoffenheim,1,1,D,2.54,3.56,2.83,2.5,3.6,2.8,2.49,3.52,2.67,X,True,False,GER_2526.csv,GER,Niemcy
D1,2025-11-22,14:30,Augsburg,Hamburg,1,0,H,2.53,3.46,2.91,2.5,3.5,2.87,2.44,3.39,2.81,1,True,False,GER_2526.csv,GER,Niemcy
D1,2025-11-22,14:30,Bayern Munich,Freiburg,6,2,H,1.19,7.8,15.0,1.18,8.5,18.0,1.16,7.7,14.81,1,True,False,GER_2526.csv,GER,Niemcy
D1,2025-11-22,14:30,Dortmund,Stuttgart,3,3,D,1.83,3.93,4.38,1.85,4.0,4.35,1.78,3.88,4.14,X,True,False,GER_2526.csv,GER,Niemcy
D1,2025-11-22,14:30,Heidenheim,M'gladbach,0,3,A,3.44,3.74,2.13,3.4,3.7,2.15,3.25,3.61,2.09,2,True,False,GER_2526.csv,GER,Niemcy
D1,2025-11-22,14:30,Wolfsburg,Leverkusen,1,3,A,3.56,3.92,2.03,3.45,3.95,2.05,3.37,3.81,2.0,2,True,False,GER_2526.csv,GER,Niemcy
D1,2025-11-22,17:30,FC Koln,Ein Frankfurt,3,4,A,2.83,3.67,2.49,2.8,3.75,2.45,2.7,3.6,2.41,2,True,False,GER_2526.csv,GER,Niemcy
D1,2025-11-23,14:30,RB Leipzig,Werder Bremen,2,0,H,1.55,4.82,5.6,1.55,5.0,5.75,1.51,4.72,5.34,1,True,False,GER_2526.csv,GER,Niemcy
D1,2025-11-23,16:30,St Pauli,Union Berlin,0,1,A,2.76,3.04,2.97,2.7,3.1,3.0,2.63,2.97,2.9,2,True,False,GER_2526.csv,GER,Niemcy
D1,2025-11-28,19:30,M'gladbach,RB Leipzig,0,0,D,2.92,3.84,2.35,2.88,3.9,2.33,2.81,3.76,2.27,X,True,False,GER_2526.csv,GER,Niemcy
D1,2025-11-29,14:30,Werder Bremen,FC Koln,1,1,D,2.25,3.83,3.1,2.22,3.8,3.14,2.18,3.71,2.99,X,True,False,GER_2526.csv,GER,Niemcy
D1,2025-11-29,14:30,Hoffenheim,Augsburg,3,0,H,1.77,4.13,4.5,1.73,4.2,4.6,1.71,4.03,4.4,1,True,False,GER_2526.csv,GER,Niemcy
D1,2025-11-29,17:30,Leverkusen,Dortmund,1,2,A,2.77,3.61,2.57,2.75,3.7,2.6,2.66,3.54,2.49,2,True,False,GER_2526.csv,GER,Niemcy
D1,2025-11-29,14:30,Union Berlin,Heidenheim,1,2,A,1.56,4.09,6.63,1.62,4.0,6.6,1.58,3.84,6.0,2,True,False,GER_2526.csv,GER,Niemcy
D1,2025-11-29,14:30,Bayern Munich,St Pauli,3,1,H,1.12,11.0,23.0,1.13,10.0,26.0,1.11,9.52,20.94,1,True,False,GER_2526.csv,GER,Niemcy
D1,2025-11-30,18:30,Freiburg,Mainz,4,0,H,1.75,3.8,5.09,1.77,3.8,5.0,1.73,3.7,4.64,1,True,False,GER_2526.csv,GER,Niemcy
D1,2025-11-30,14:30,Hamburg,Stuttgart,2,1,H,2.85,3.55,2.53,2.8,3.6,2.5,2.73,3.51,2.43,1,True,False,GER_2526.csv,GER,Niemcy
D1,2025-11-30,16:30,Ein Frankfurt,Wolfsburg,1,1,D,1.97,3.98,3.7,1.96,4.0,3.75,1.92,3.87,3.55,X,True,False,GER_2526.csv,GER,Niemcy
D1,2025-12-05,19:30,Mainz,M'gladbach,0,1,A,2.72,3.48,2.68,2.75,3.5,2.6,2.67,3.38,2.54,2,True,False,GER_2526.csv,GER,Niemcy
D1,2025-12-06,14:30,Augsburg,Leverkusen,2,0,H,3.57,3.48,2.17,3.45,3.7,2.15,3.33,3.56,2.08,1,True,False,GER_2526.csv,GER,Niemcy
D1,2025-12-06,14:30,FC Koln,St Pauli,1,1,D,2.05,3.56,3.85,2.02,3.6,3.8,1.99,3.47,3.7,X,True,False,GER_2526.csv,GER,Niemcy
D1,2025-12-06,14:30,Heidenheim,Freiburg,2,1,H,4.97,3.68,1.79,4.75,3.6,1.84,4.6,3.51,1.79,1,True,False,GER_2526.csv,GER,Niemcy
D1,2025-12-06,14:30,Stuttgart,Bayern Munich,0,5,A,4.76,4.71,1.63,5.5,4.8,1.65,4.7,4.67,1.58,2,True,False,GER_2526.csv,GER,Niemcy
D1,2025-12-06,14:30,Wolfsburg,Union Berlin,3,1,H,2.04,3.51,3.95,2.05,3.5,3.9,2.0,3.45,3.68,1,True,False,GER_2526.csv,GER,Niemcy
D1,2025-12-06,17:30,RB Leipzig,Ein Frankfurt,6,0,H,1.78,4.1,4.4,1.75,4.2,4.5,1.72,3.99,4.32,1,True,False,GER_2526.csv,GER,Niemcy
D1,2025-12-07,14:30,Hamburg,Werder Bremen,3,2,H,2.45,3.51,2.99,2.4,3.6,2.9,2.36,3.47,2.87,1,True,False,GER_2526.csv,GER,Niemcy
D1,2025-12-07,16:30,Dortmund,Hoffenheim,2,0,H,1.65,4.55,4.95,1.64,4.6,5.1,1.6,4.44,4.69,1,True,False,GER_2526.csv,GER,Niemcy
D1,2025-12-12,19:30,Union Berlin,RB Leipzig,3,1,H,3.13,3.51,2.36,3.15,3.4,2.37,3.03,3.32,2.32,1,True,False,GER_2526.csv,GER,Niemcy
D1,2025-12-13,17:30,Leverkusen,FC Koln,2,0,H,1.81,4.3,4.07,1.8,4.33,4.75,1.74,4.11,4.11,1,True,False,GER_2526.csv,GER,Niemcy
D1,2025-12-13,14:30,M'gladbach,Wolfsburg,1,3,A,2.05,3.8,3.62,2.02,3.8,3.6,1.99,3.67,3.46,2,True,False,GER_2526.csv,GER,Niemcy
D1,2025-12-13,14:30,St Pauli,Heidenheim,2,1,H,1.88,3.54,4.65,1.91,3.5,4.6,1.85,3.39,4.37,1,True,False,GER_2526.csv,GER,Niemcy
D1,2025-12-13,14:30,Hoffenheim,Hamburg,4,1,H,1.72,4.16,4.68,1.71,4.2,4.75,1.68,4.13,4.42,1,True,False,GER_2526.csv,GER,Niemcy
D1,2025-12-13,14:30,Ein Frankfurt,Augsburg,1,0,H,1.87,3.82,4.29,1.93,3.75,4.33,1.83,3.69,4.08,1,True,False,GER_2526.csv,GER,Niemcy
D1,2025-12-14,18:30,Werder Bremen,Stuttgart,0,4,A,2.9,3.75,2.4,2.88,3.8,2.38,2.81,3.63,2.31,2,True,False,GER_2526.csv,GER,Niemcy
D1,2025-12-14,14:30,Freiburg,Dortmund,1,1,D,3.95,3.59,2.01,3.8,3.6,2.2,3.65,3.5,1.99,X,True,False,GER_2526.csv,GER,Niemcy
D1,2025-12-14,16:30,Bayern Munich,Mainz,2,2,D,1.08,14.25,24.0,1.1,13.0,26.0,1.08,11.44,21.72,X,True,False,GER_2526.csv,GER,Niemcy
D1,2025-12-19,19:30,Dortmund,M'gladbach,2,0,H,1.52,4.72,6.1,1.5,4.8,6.33,1.48,4.64,5.92,1,True,False,GER_2526.csv,GER,Niemcy
D1,2025-12-20,17:30,RB Leipzig,Leverkusen,1,3,A,2.11,3.92,3.33,2.15,4.0,3.33,2.05,3.83,3.19,2,True,False,GER_2526.csv,GER,Niemcy
D1,2025-12-20,14:30,Wolfsburg,Freiburg,3,4,A,2.48,3.49,2.96,2.5,3.55,2.9,2.41,3.39,2.83,2,True,False,GER_2526.csv,GER,Niemcy
D1,2025-12-20,14:30,Stuttgart,Hoffenheim,0,0,D,2.0,3.92,3.65,2.0,4.1,3.7,1.95,3.86,3.44,X,True,False,GER_2526.csv,GER,Niemcy
D1,2025-12-20,14:30,Hamburg,Ein Frankfurt,1,1,D,2.52,3.43,2.95,2.5,3.5,2.9,2.44,3.39,2.78,X,True,False,GER_2526.csv,GER,Niemcy
D1,2025-12-20,14:30,FC Koln,Union Berlin,0,1,A,2.69,3.27,2.86,2.71,3.3,2.9,2.52,3.19,2.83,2,True,False,GER_2526.csv,GER,Niemcy
D1,2025-12-20,14:30,Augsburg,Werder Bremen,0,0,D,2.33,3.53,3.17,2.25,3.5,3.33,2.21,3.44,3.13,X,True,False,GER_2526.csv,GER,Niemcy
D1,2025-12-21,14:30,Mainz,St Pauli,0,0,D,2.04,3.39,4.12,2.0,3.45,4.1,1.96,3.31,3.99,X,True,False,GER_2526.csv,GER,Niemcy
D1,2025-12-21,16:30,Heidenheim,Bayern Munich,0,4,A,15.87,9.2,1.15,16.0,9.5,1.2,13.06,8.12,1.16,2,True,False,GER_2526.csv,GER,Niemcy
D1,2026-01-09,19:30,Ein Frankfurt,Dortmund,3,3,D,3.51,3.7,2.11,3.45,3.75,2.1,3.31,3.66,2.05,X,True,False,GER_2526.csv,GER,Niemcy
D1,2026-01-10,14:30,Freiburg,Hamburg,2,1,H,1.81,3.67,4.82,1.84,3.7,4.8,1.76,3.58,4.6,1,True,False,GER_2526.csv,GER,Niemcy
D1,2026-01-10,17:30,Leverkusen,Stuttgart,1,4,A,2.23,3.75,3.19,2.2,3.85,3.2,2.14,3.68,3.09,2,True,False,GER_2526.csv,GER,Niemcy
D1,2026-01-10,14:30,Union Berlin,Mainz,2,2,D,2.12,3.29,3.97,2.2,3.25,4.0,2.1,3.17,3.72,X,True,False,GER_2526.csv,GER,Niemcy
D1,2026-01-10,14:30,Heidenheim,FC Koln,2,2,D,2.81,3.52,2.59,2.9,3.5,2.65,2.71,3.41,2.49,X,True,False,GER_2526.csv,GER,Niemcy
D1,2026-01-11,16:30,Bayern Munich,Wolfsburg,8,1,H,1.13,11.0,19.0,1.15,10.0,20.0,1.12,9.31,16.69,1,True,False,GER_2526.csv,GER,Niemcy
D1,2026-01-11,14:30,M'gladbach,Augsburg,4,0,H,1.95,3.71,3.99,1.95,3.7,3.95,1.91,3.61,3.81,1,True,False,GER_2526.csv,GER,Niemcy
D1,2026-01-13,17:30,Stuttgart,Ein Frankfurt,3,2,H,1.81,4.01,4.25,1.7,4.33,4.75,1.65,4.24,4.53,1,True,False,GER_2526.csv,GER,Niemcy
D1,2026-01-13,19:30,Dortmund,Werder Bremen,3,0,H,1.36,5.64,7.94,1.44,5.25,7.5,1.4,5.02,6.92,1,True,False,GER_2526.csv,GER,Niemcy
D1,2026-01-13,19:30,Mainz,Heidenheim,2,1,H,1.67,3.85,5.58,1.8,3.85,4.6,1.74,3.73,4.52,1,True,False,GER_2526.csv,GER,Niemcy
D1,2026-01-14,19:30,RB Leipzig,Freiburg,2,0,H,1.72,4.16,4.63,1.76,4.0,4.7,1.71,3.9,4.55,1,True,False,GER_2526.csv,GER,Niemcy
D1,2026-01-14,17:30,Wolfsburg,St Pauli,2,1,H,1.9,3.75,4.14,1.87,3.6,4.55,1.84,3.49,4.34,1,True,False,GER_2526.csv,GER,Niemcy
D1,2026-01-14,19:30,FC Koln,Bayern Munich,1,3,A,9.41,6.82,1.26,12.0,7.0,1.28,9.66,6.79,1.23,2,True,False,GER_2526.csv,GER,Niemcy
D1,2026-01-14,19:30,Hoffenheim,M'gladbach,5,1,H,1.85,4.05,4.05,2.0,3.95,3.8,1.9,3.81,3.65,1,True,False,GER_2526.csv,GER,Niemcy
D1,2026-01-15,19:30,Augsburg,Union Berlin,1,1,D,,,,2.66,3.2,2.88,2.59,3.13,2.79,X,True,False,GER_2526.csv,GER,Niemcy
D1,2026-01-16,19:30,Werder Bremen,Ein Frankfurt,3,3,D,,,,2.75,3.6,2.7,2.57,3.45,2.58,X,True,False,GER_2526.csv,GER,Niemcy
D1,2026-01-17,14:30,Wolfsburg,Heidenheim,1,1,D,,,,1.72,4.2,5.0,1.67,4.01,4.75,X,True,False,GER_2526.csv,GER,Niemcy
D1,2026-01-17,17:30,RB Leipzig,Bayern Munich,1,5,A,,,,4.35,4.4,1.75,4.12,4.33,1.7,2,True,False,GER_2526.csv,GER,Niemcy
D1,2026-01-17,14:30,Hoffenheim,Leverkusen,1,0,H,,,,2.38,3.8,2.88,2.31,3.71,2.77,1,True,False,GER_2526.csv,GER,Niemcy
D1,2026-01-17,14:30,Dortmund,St Pauli,3,2,H,,,,1.33,5.5,12.0,1.3,5.1,10.27,1,True,False,GER_2526.csv,GER,Niemcy
D1,2026-01-17,14:30,FC Koln,Mainz,2,1,H,,,,2.15,3.6,3.5,2.08,3.47,3.39,1,True,False,GER_2526.csv,GER,Niemcy
D1,2026-01-17,14:30,Hamburg,M'gladbach,0,0,D,,,,2.5,3.6,2.9,2.41,3.41,2.81,X,True,False,GER_2526.csv,GER,Niemcy
D1,2026-01-18,16:30,Augsburg,Freiburg,2,2,D,,,,2.66,3.3,2.8,2.59,3.2,2.75,X,True,False,GER_2526.csv,GER,Niemcy
D1,2026-01-18,14:30,Stuttgart,Union Berlin,1,1,D,,,,1.62,4.2,5.75,1.58,4.08,5.47,X,True,False,GER_2526.csv,GER,Niemcy
D1,2026-01-23,19:30,St Pauli,Hamburg,0,0,D,,,,2.9,3.0,2.88,2.81,2.91,2.75,X,True,False,GER_2526.csv,GER,Niemcy
D1,2026-01-24,14:30,Bayern Munich,Augsburg,1,2,A,,,,1.16,11.0,21.0,1.12,9.33,16.38,2,True,False,GER_2526.csv,GER,Niemcy
D1,2026-01-24,14:30,Ein Frankfurt,Hoffenheim,1,3,A,,,,3.1,3.75,2.28,2.99,3.58,2.21,2,True,False,GER_2526.csv,GER,Niemcy
D1,2026-01-24,14:30,Heidenheim,RB Leipzig,0,3,A,,,,4.9,4.5,1.65,4.6,4.33,1.62,2,True,False,GER_2526.csv,GER,Niemcy
D1,2026-01-24,14:30,Leverkusen,Werder Bremen,1,0,H,,,,1.57,4.6,5.75,1.54,4.41,5.32,1,True,False,GER_2526.csv,GER,Niemcy
D1,2026-01-24,14:30,Mainz,Wolfsburg,3,1,H,,,,2.36,3.4,3.2,2.29,3.33,3.06,1,True,False,GER_2526.csv,GER,Niemcy
D1,2026-01-24,17:30,Union Berlin,Dortmund,0,3,A,,,,3.35,3.33,2.3,3.21,3.25,2.25,2,True,False,GER_2526.csv,GER,Niemcy
D1,2026-01-25,16:30,Freiburg,FC Koln,2,1,H,,,,2.0,3.7,3.85,1.98,3.6,3.57,1,True,False,GER_2526.csv,GER,Niemcy
D1,2026-01-25,14:30,M'gladbach,Stuttgart,0,3,A,,,,3.05,3.7,2.33,2.88,3.61,2.29,2,True,False,GER_2526.csv,GER,Niemcy
D1,2026-01-27,19:30,St Pauli,RB Leipzig,1,1,D,,,,5.0,3.65,1.82,4.75,3.58,1.75,X,True,False,GER_2526.csv,GER,Niemcy
D1,2026-01-27,19:30,Werder Bremen,Hoffenheim,0,2,A,,,,3.8,3.8,1.96,3.66,3.7,1.93,2,True,False,GER_2526.csv,GER,Niemcy
D1,2026-01-30,19:30,FC Koln,Wolfsburg,1,0,H,,,,2.1,3.7,3.55,2.03,3.62,3.4,1,True,False,GER_2526.csv,GER,Niemcy
D1,2026-01-31,17:30,Hamburg,Bayern Munich,2,2,D,,,,10.0,6.5,1.32,9.01,5.94,1.27,X,True,False,GER_2526.csv,GER,Niemcy
D1,2026-01-31,14:30,Werder Bremen,M'gladbach,1,1,D,,,,2.2,3.6,3.3,2.14,3.48,3.21,X,True,False,GER_2526.csv,GER,Niemcy
D1,2026-01-31,14:30,Hoffenheim,Union Berlin,3,1,H,,,,1.84,3.8,4.33,1.81,3.63,4.23,1,True,False,GER_2526.csv,GER,Niemcy
D1,2026-01-31,14:30,Augsburg,St Pauli,2,1,H,,,,2.15,3.2,4.0,2.11,3.06,3.81,1,True,False,GER_2526.csv,GER,Niemcy
D1,2026-01-31,14:30,Ein Frankfurt,Leverkusen,1,3,A,,,,3.6,3.75,2.1,3.38,3.6,2.04,2,True,False,GER_2526.csv,GER,Niemcy
D1,2026-01-31,14:30,RB Leipzig,Mainz,1,2,A,,,,1.55,4.75,5.8,1.52,4.52,5.44,2,True,False,GER_2526.csv,GER,Niemcy
D1,2026-02-01,16:30,Dortmund,Heidenheim,3,2,H,,,,1.29,6.5,12.0,1.26,6.03,10.0,1,True,False,GER_2526.csv,GER,Niemcy
D1,2026-02-01,14:30,Stuttgart,Freiburg,1,0,H,,,,1.68,4.25,5.0,1.63,4.13,4.82,1,True,False,GER_2526.csv,GER,Niemcy
D1,2026-02-06,19:30,Union Berlin,Ein Frankfurt,1,1,D,,,,2.22,3.5,3.45,2.14,3.39,3.31,X,True,False,GER_2526.csv,GER,Niemcy
D1,2026-02-07,14:30,St Pauli,Stuttgart,2,1,H,,,,5.0,3.9,1.73,4.79,3.77,1.7,1,True,False,GER_2526.csv,GER,Niemcy
D1,2026-02-07,14:30,Mainz,Augsburg,2,0,H,,,,2.0,3.7,4.0,1.94,3.57,3.75,1,True,False,GER_2526.csv,GER,Niemcy
D1,2026-02-07,14:30,Freiburg,Werder Bremen,1,0,H,,,,2.15,3.5,3.75,2.1,3.34,3.47,1,True,False,GER_2526.csv,GER,Niemcy
D1,2026-02-07,17:30,M'gladbach,Leverkusen,1,1,D,,,,3.7,3.75,2.05,3.48,3.65,2.0,X,True,False,GER_2526.csv,GER,Niemcy
D1,2026-02-07,14:30,Heidenheim,Hamburg,0,2,A,,,,2.92,3.4,2.5,2.87,3.37,2.4,2,True,False,GER_2526.csv,GER,Niemcy
D1,2026-02-07,14:30,Wolfsburg,Dortmund,1,2,A,,,,4.8,4.35,1.72,4.46,4.16,1.67,2,True,False,GER_2526.csv,GER,Niemcy
D1,2026-02-08,14:30,FC Koln,RB Leipzig,1,2,A,,,,3.5,4.0,2.05,3.31,3.85,2.0,2,True,False,GER_2526.csv,GER,Niemcy
D1,2026-02-08,16:30,Bayern Munich,Hoffenheim,5,1,H,,,,1.25,8.0,11.0,1.22,7.03,9.82,1,True,False,GER_2526.csv,GER,Niemcy
D1,2026-02-13,19:30,Dortmund,Mainz,4,0,H,,,,1.69,4.2,5.4,1.64,4.1,4.77,1,True,False,GER_2526.csv,GER,Niemcy
D1,2026-02-14,14:30,Werder Bremen,Bayern Munich,0,3,A,,,,9.0,6.25,1.35,7.88,5.83,1.31,2,True,False,GER_2526.csv,GER,Niemcy
D1,2026-02-14,17:30,Stuttgart,FC Koln,3,1,H,,,,1.51,5.0,6.25,1.49,4.71,5.64,1,True,False,GER_2526.csv,GER,Niemcy
D1,2026-02-14,14:30,Leverkusen,St Pauli,4,0,H,,,,1.54,4.35,6.5,1.51,4.23,6.14,1,True,False,GER_2526.csv,GER,Niemcy
D1,2026-02-14,14:30,Ein Frankfurt,M'gladbach,3,0,H,,,,2.2,3.6,3.65,2.12,3.47,3.31,1,True,False,GER_2526.csv,GER,Niemcy
D1,2026-02-14,14:30,Hamburg,Union Berlin,3,2,H,,,,2.38,3.25,3.25,2.33,3.14,3.14,1,True,False,GER_2526.csv,GER,Niemcy
D1,2026-02-14,14:30,Hoffenheim,Freiburg,3,0,H,,,,1.73,4.1,4.75,1.7,3.92,4.53,1,True,False,GER_2526.csv,GER,Niemcy
D1,2026-02-15,16:30,RB Leipzig,Wolfsburg,2,2,D,,,,1.55,4.8,5.8,1.51,4.66,5.39,X,True,False,GER_2526.csv,GER,Niemcy
D1,2026-02-15,14:30,Augsburg,Heidenheim,1,0,H,,,,1.91,3.8,4.2,1.87,3.7,3.85,1,True,False,GER_2526.csv,GER,Niemcy
D1,2026-02-20,19:30,Mainz,Hamburg,1,1,D,,,,2.12,3.6,3.6,2.06,3.45,3.48,X,True,False,GER_2526.csv,GER,Niemcy
D1,2026-02-21,17:30,RB Leipzig,Dortmund,2,2,D,,,,2.05,4.0,3.5,1.97,3.88,3.32,X,True,False,GER_2526.csv,GER,Niemcy
D1,2026-02-21,14:30,Bayern Munich,Ein Frankfurt,3,2,H,,,,1.1,12.0,23.0,1.08,10.88,19.31,1,True,False,GER_2526.csv,GER,Niemcy
D1,2026-02-21,14:30,FC Koln,Hoffenheim,2,2,D,,,,3.65,3.8,2.05,3.43,3.71,1.99,X,True,False,GER_2526.csv,GER,Niemcy
D1,2026-02-21,14:30,Union Berlin,Leverkusen,1,0,H,,,,3.25,3.4,2.35,3.1,3.26,2.3,1,True,False,GER_2526.csv,GER,Niemcy
D1,2026-02-21,14:30,Wolfsburg,Augsburg,2,3,A,,,,2.25,3.6,3.33,2.19,3.39,3.17,2,True,False,GER_2526.csv,GER,Niemcy
D1,2026-02-22,16:30,St Pauli,Werder Bremen,2,1,H,,,,2.71,3.25,2.8,2.65,3.11,2.73,1,True,False,GER_2526.csv,GER,Niemcy
D1,2026-02-22,18:30,Heidenheim,Stuttgart,3,3,D,,,,4.5,4.33,1.7,4.42,4.21,1.67,X,True,False,GER_2526.csv,GER,Niemcy
D1,2026-02-22,14:30,Freiburg,M'gladbach,2,1,H,,,,2.15,3.5,3.7,2.06,3.34,3.58,1,True,False,GER_2526.csv,GER,Niemcy
D1,2026-02-27,19:30,Augsburg,FC Koln,2,0,H,,,,2.2,3.5,3.33,2.16,3.39,3.23,1,True,False,GER_2526.csv,GER,Niemcy
D1,2026-02-28,14:30,Werder Bremen,Heidenheim,2,0,H,,,,1.63,4.5,5.25,1.6,4.21,4.97,1,True,False,GER_2526.csv,GER,Niemcy
D1,2026-02-28,14:30,M'gladbach,Union Berlin,1,0,H,,,,2.4,3.3,3.1,2.34,3.25,3.01,1,True,False,GER_2526.csv,GER,Niemcy
D1,2026-02-28,17:30,Dortmund,Bayern Munich,2,3,A,,,,4.5,4.5,1.73,4.21,4.38,1.67,2,True,False,GER_2526.csv,GER,Niemcy
D1,2026-02-28,14:30,Hoffenheim,St Pauli,0,1,A,,,,1.53,4.5,6.5,1.51,4.2,6.11,2,True,False,GER_2526.csv,GER,Niemcy
D1,2026-02-28,14:30,Leverkusen,Mainz,1,1,D,,,,1.73,4.2,4.75,1.68,4.0,4.53,X,True,False,GER_2526.csv,GER,Niemcy
D1,2026-03-01,14:30,Stuttgart,Wolfsburg,4,0,H,,,,1.4,5.5,7.0,1.37,5.4,6.61,1,True,False,GER_2526.csv,GER,Niemcy
D1,2026-03-01,16:30,Ein Frankfurt,Freiburg,2,0,H,,,,2.3,3.6,3.14,2.22,3.45,3.06,1,True,False,GER_2526.csv,GER,Niemcy
D1,2026-03-01,18:30,Hamburg,RB Leipzig,1,2,A,,,,3.8,4.0,1.9,3.72,3.87,1.86,2,True,False,GER_2526.csv,GER,Niemcy
D1,2026-03-04,19:30,Hamburg,Leverkusen,0,1,A,,,,3.7,3.7,2.05,3.54,3.63,1.97,2,True,False,GER_2526.csv,GER,Niemcy
D1,2026-03-06,19:30,Bayern Munich,M'gladbach,4,1,H,,,,1.25,8.0,13.0,1.21,7.08,10.63,1,True,False,GER_2526.csv,GER,Niemcy
D1,2026-03-07,14:30,RB Leipzig,Augsburg,2,1,H,,,,1.36,5.75,8.5,1.33,5.42,7.63,1,True,False,GER_2526.csv,GER,Niemcy
D1,2026-03-07,17:30,FC Koln,Dortmund,1,2,A,,,,4.25,4.0,1.81,4.03,3.94,1.77,2,True,False,GER_2526.csv,GER,Niemcy
D1,2026-03-07,14:30,Wolfsburg,Hamburg,1,2,A,,,,2.66,3.5,2.75,2.56,3.37,2.65,2,True,False,GER_2526.csv,GER,Niemcy
D1,2026-03-07,14:30,Mainz,Stuttgart,2,2,D,,,,3.6,4.0,2.0,3.47,3.77,1.95,X,True,False,GER_2526.csv,GER,Niemcy
D1,2026-03-07,14:30,Heidenheim,Hoffenheim,2,4,A,,,,5.8,4.75,1.57,5.44,4.57,1.51,2,True,False,GER_2526.csv,GER,Niemcy
D1,2026-03-07,14:30,Freiburg,Leverkusen,3,3,D,,,,3.1,3.5,2.4,2.94,3.37,2.34,X,True,False,GER_2526.csv,GER,Niemcy
D1,2026-03-08,16:30,Union Berlin,Werder Bremen,1,4,A,,,,2.45,3.25,3.15,2.37,3.18,3.04,2,True,False,GER_2526.csv,GER,Niemcy
D1,2026-03-08,14:30,St Pauli,Ein Frankfurt,0,0,D,,,,2.6,3.4,2.88,2.54,3.28,2.74,X,True,False,GER_2526.csv,GER,Niemcy
D1,2026-03-13,19:30,M'gladbach,St Pauli,2,0,H,,,,1.95,3.4,4.3,1.91,3.3,4.17,1,True,False,GER_2526.csv,GER,Niemcy
D1,2026-03-14,14:30,Dortmund,Augsburg,2,0,H,,,,1.57,4.75,5.6,1.53,4.47,5.31,1,True,False,GER_2526.csv,GER,Niemcy
D1,2026-03-14,14:30,Ein Frankfurt,Heidenheim,1,0,H,,,,1.65,4.5,5.1,1.61,4.26,4.77,1,True,False,GER_2526.csv,GER,Niemcy
D1,2026-03-14,14:30,Hoffenheim,Wolfsburg,1,1,D,,,,1.45,5.25,7.0,1.41,4.97,6.46,X,True,False,GER_2526.csv,GER,Niemcy
D1,2026-03-14,14:30,Leverkusen,Bayern Munich,1,1,D,,,,5.0,4.75,1.58,4.91,4.67,1.54,X,True,False,GER_2526.csv,GER,Niemcy
D1,2026-03-14,17:30,Hamburg,FC Koln,1,1,D,,,,2.42,3.5,2.95,2.32,3.44,2.88,X,True,False,GER_2526.csv,GER,Niemcy
D1,2026-03-15,14:30,Werder Bremen,Mainz,0,2,A,,,,2.3,3.6,3.15,2.24,3.48,3.02,2,True,False,GER_2526.csv,GER,Niemcy
D1,2026-03-15,16:30,Freiburg,Union Berlin,0,1,A,,,,1.95,3.6,4.2,1.89,3.54,3.94,2,True,False,GER_2526.csv,GER,Niemcy
D1,2026-03-15,18:30,Stuttgart,RB Leipzig,1,0,H,,,,2.5,4.0,2.62,2.4,3.91,2.54,1,True,False,GER_2526.csv,GER,Niemcy
D1,2026-03-20,19:30,RB Leipzig,Hoffenheim,5,0,H,,,,1.95,4.1,3.6,1.9,3.98,3.45,1,True,False,GER_2526.csv,GER,Niemcy
D1,2026-03-21,14:30,FC Koln,M'gladbach,3,3,D,,,,2.38,3.4,3.2,2.3,3.36,3.0,X,True,False,GER_2526.csv,GER,Niemcy
D1,2026-03-21,14:30,Heidenheim,Leverkusen,3,3,D,,,,5.5,4.75,1.57,5.25,4.58,1.52,X,True,False,GER_2526.csv,GER,Niemcy
D1,2026-03-21,14:30,Wolfsburg,Werder Bremen,0,1,A,,,,2.4,3.7,2.88,2.34,3.58,2.8,2,True,False,GER_2526.csv,GER,Niemcy
D1,2026-03-21,14:30,Bayern Munich,Union Berlin,4,0,H,,,,1.17,9.5,18.0,1.13,8.67,15.22,1,True,False,GER_2526.csv,GER,Niemcy
D1,2026-03-21,17:30,Dortmund,Hamburg,3,2,H,,,,1.44,5.0,7.5,1.41,4.78,6.89,1,True,False,GER_2526.csv,GER,Niemcy
D1,2026-03-22,14:30,Mainz,Ein Frankfurt,2,1,H,,,,2.2,3.6,3.4,2.15,3.51,3.18,1,True,False,GER_2526.csv,GER,Niemcy
D1,2026-03-22,16:30,St Pauli,Freiburg,1,2,A,,,,2.75,3.1,2.95,2.66,3.0,2.8,2,True,False,GER_2526.csv,GER,Niemcy
D1,2026-03-22,18:30,Augsburg,Stuttgart,2,5,A,,,,3.75,3.8,2.05,3.37,3.74,1.99,2,True,False,GER_2526.csv,GER,Niemcy
